0.201,0.211,0.221,0.231,0.241,0.251,0.261,0.271,0.281,0.291,0.301,0.311,0.321,0.331,0.341,0.351,0.361,0.371,0.381,0.391,0.401,0.411,0.421,0.431,0.441,0.451,0.461,0.471,0.481,0.491,0.501,0.511,0.521,0.531,0.541,0.551,0.561,0.571,0.581,0.591,0.601,0.611,0.621,0.631,0.641,0.651,0.661,0.671,0.681,0.691,0.701,0.711,0.721,0.731,0.741,0.751,0.761,0.771,0.781,0.791,0.801
1.734940397,1.904604856,1.937848311,2.132633947,2.132633947,1.926025493,1.832194117,1.832194117,1.781670969,1.802807927,1.802807927,1.802807927,1.422080083,1.323403505,1.380245752,1.415780561,1.377621608,1.325035504,1.299023836,1.299023836,1.291515736,1.291515736,1.291515736,1.291515736,1.291515736,1.103495913,1.103495913,1.103495913,1.082567864,1.088936563,1.088936563,1.115589603,1.088872447,1.088498907,1.088498907,1.079399333,1.084802889,1.101913355,1.090956767,1.105488775,1.105488775,1.103674493,1.102084427,1.102084427,1.096812139,1.096812139,1.096812139,1.096812139,1.065574211,1.065574211,1.065574211,1.065404311,1.065404311,1.065404311,1.058132831,1.058132831,1.058132831,1.061672322,1.061672322,1.061672322,1.057928567
2.360654557,2.105455043,2.066270513,1.882897782,1.882897782,2.079883878,2.201642717,2.201642717,2.279310655,2.24562796,2.24562796,2.24562796,1.422080083,1.323403505,1.380245752,1.415780561,1.377621608,1.325035504,1.299023836,1.299023836,1.291515736,1.291515736,1.291515736,1.291515736,1.291515736,1.103495913,1.103495913,1.103495913,1.082567864,1.088936563,1.088936563,1.115589603,1.088872447,1.088498907,1.088498907,1.079399333,1.084802889,1.101913355,1.090956767,1.105488775,1.105488775,1.103674493,1.102084427,1.102084427,1.096812139,1.096812139,1.096812139,1.096812139,1.065574211,1.065574211,1.065574211,1.065404311,1.065404311,1.065404311,1.058132831,1.058132831,1.058132831,1.061672322,1.061672322,1.061672322,1.057928567
1.734940397,1.904604856,1.937848311,2.132633947,2.132633947,1.926025493,1.832194117,1.832194117,1.781670969,1.802807927,1.802807927,1.802807927,1.422080083,1.323403505,1.380245752,1.415780561,1.377621608,1.325035504,1.299023836,1.299023836,1.291515736,1.291515736,1.291515736,1.291515736,1.291515736,1.103495913,1.103495913,1.103495913,1.082567864,1.088936563,1.088936563,1.115589603,1.088872447,1.088498907,1.088498907,1.079399333,1.084802889,1.101913355,1.090956767,1.105488775,1.105488775,1.103674493,1.102084427,1.102084427,1.096812139,1.096812139,1.096812139,1.096812139,1.065574211,1.065574211,1.065574211,1.065404311,1.065404311,1.065404311,1.058132831,1.058132831,1.058132831,1.061672322,1.061672322,1.061672322,1.057928567
2.360654557,2.105455043,2.066270513,1.882897782,1.882897782,2.079883878,2.201642717,2.201642717,2.279310655,2.24562796,2.24562796,2.24562796,3.369218639,4.092112442,3.629878167,3.405114846,3.648153545,4.076586985,4.344215009,4.344215009,4.43034655,4.43034655,4.43034655,4.43034655,4.43034655,1.103495913,1.103495913,1.103495913,1.082567864,1.088936563,1.088936563,1.115589603,1.088872447,1.088498907,1.088498907,1.079399333,1.084802889,1.101913355,1.090956767,1.105488775,1.105488775,1.103674493,1.102084427,1.102084427,1.096812139,1.096812139,1.096812139,1.096812139,1.065574211,1.065574211,1.065574211,1.065404311,1.065404311,1.065404311,1.058132831,1.058132831,1.058132831,1.061672322,1.061672322,1.061672322,1.057928567
3.35718929,2.921983806,2.673184278,2.505834989,2.505834989,2.205972159,2.1911381,2.1911381,2.129657243,2.013087074,2.013087074,2.013087074,1.908418335,1.877727161,1.724614935,1.747555819,1.706222867,1.67459211,1.507346267,1.507346267,1.448271844,1.448271844,1.448271844,1.448271844,1.448271844,1.258574961,1.258574961,1.258574961,1.23920766,1.248405652,1.248405652,1.273034845,1.332555914,1.270027017,1.270027017,1.20384532,1.225108729,1.228198196,1.227282656,1.187836285,1.187836285,1.200388383,1.188429786,1.188429786,1.163252881,1.163252881,1.163252881,1.163252881,1.101584407,1.101584407,1.101584407,1.069606299,1.069606299,1.069606299,1.052705843,1.052705843,1.052705843,1.061829616,1.061829616,1.061829616,1.057803276
3.35718929,2.921983806,2.673184278,2.505834989,2.505834989,2.205972159,2.1911381,2.1911381,2.129657243,2.013087074,2.013087074,2.013087074,1.908418335,1.877727161,1.724614935,1.747555819,1.706222867,1.67459211,1.507346267,1.507346267,1.448271844,1.448271844,1.448271844,1.448271844,1.448271844,1.258574961,1.258574961,1.258574961,1.23920766,1.248405652,1.248405652,1.273034845,1.332555914,1.270027017,1.270027017,1.20384532,1.225108729,1.228198196,1.227282656,1.187836285,1.187836285,1.200388383,1.188429786,1.188429786,1.163252881,1.163252881,1.163252881,1.163252881,1.101584407,1.101584407,1.101584407,1.069606299,1.069606299,1.069606299,1.052705843,1.052705843,1.052705843,1.061829616,1.061829616,1.061829616,1.057803276
1.134036046,1.121972692,1.160716855,1.119298053,1.119298053,1.212182462,1.160558158,1.160558158,1.157795071,1.1630886,1.1630886,1.1630886,1.205252928,1.21898287,1.252539775,1.26991492,1.309395487,1.292109422,1.269884493,1.269884493,1.350825155,1.350825155,1.350825155,1.350825155,1.350825155,1.759745254,1.759745254,1.759745254,1.720305729,1.824205847,1.824205847,1.968549525,2.027701792,1.947753968,1.947753968,1.912909155,1.877470333,1.914709703,2.042327897,2.342524899,2.342524899,2.412261194,2.572143341,2.572143341,3.046922211,3.046922211,3.046922211,3.046922211,3.38769311,3.38769311,3.38769311,1.322485982,1.322485982,1.322485982,1.219597315,1.219597315,1.219597315,1.227313711,1.227313711,1.227313711,1.260551999
1.134036046,1.121972692,1.160716855,1.119298053,1.119298053,1.212182462,1.160558158,1.160558158,1.157795071,1.1630886,1.1630886,1.1630886,1.205252928,1.21898287,1.252539775,1.26991492,1.309395487,1.292109422,1.269884493,1.269884493,1.350825155,1.350825155,1.350825155,1.350825155,1.350825155,2.316230663,2.316230663,2.316230663,2.388299385,2.213289136,2.213289136,2.032471726,1.973044912,2.055126155,2.055126155,2.095399246,2.139639669,2.093243022,1.959390997,1.744865142,1.744865142,1.708084315,1.636074316,1.636074316,1.48853835,1.48853835,1.48853835,1.48853835,1.418814292,1.418814292,1.418814292,1.322485982,1.322485982,1.322485982,1.219597315,1.219597315,1.219597315,1.227313711,1.227313711,1.227313711,1.260551999
1.134036046,1.121972692,1.160716855,1.119298053,1.119298053,5.712924858,7.22827274,7.22827274,7.337333546,7.131636437,7.131636437,7.131636437,5.872037691,5.56656723,4.95977227,4.70487115,4.2321092,4.423374681,4.705288842,4.705288842,3.85042274,3.85042274,3.85042274,3.85042274,3.85042274,2.316230663,2.316230663,2.316230663,2.388299385,2.213289136,2.213289136,2.032471726,1.973044912,2.055126155,2.055126155,2.095399246,2.139639669,2.093243022,1.959390997,1.744865142,1.744865142,1.708084315,1.636074316,1.636074316,1.48853835,1.48853835,1.48853835,1.48853835,1.418814292,1.418814292,1.418814292,1.322485982,1.322485982,1.322485982,1.219597315,1.219597315,1.219597315,1.227313711,1.227313711,1.227313711,1.260551999
8.460679656,9.198556417,7.222122757,9.382366457,9.382366457,5.712924858,7.22827274,7.22827274,7.337333546,7.131636437,7.131636437,7.131636437,5.872037691,5.56656723,4.95977227,4.70487115,4.2321092,4.423374681,4.705288842,4.705288842,3.85042274,3.85042274,3.85042274,3.85042274,3.85042274,2.316230663,2.316230663,2.316230663,2.388299385,2.213289136,2.213289136,2.032471726,1.973044912,2.055126155,2.055126155,2.095399246,2.139639669,2.093243022,1.959390997,1.744865142,1.744865142,1.708084315,1.636074316,1.636074316,1.48853835,1.48853835,1.48853835,1.48853835,1.418814292,1.418814292,1.418814292,1.322485982,1.322485982,1.322485982,1.219597315,1.219597315,1.219597315,1.227313711,1.227313711,1.227313711,1.260551999
1.108152289,1.103611775,1.154277946,1.132901754,1.132901754,1.181541892,1.156923007,1.156923007,1.111222545,1.10933869,1.10933869,1.10933869,1.110989326,1.120280864,1.16852959,1.208838466,1.157955885,1.152504497,1.128399749,1.128399749,1.13023028,1.13023028,1.13023028,1.13023028,1.13023028,1.195071599,1.195071599,1.195071599,1.185861648,1.221616375,1.221616375,1.248695708,1.258692348,1.28718202,1.28718202,1.29583965,1.293818842,1.358936336,2.891188665,2.688069289,2.688069289,2.674861414,2.480668406,2.480668406,2.48888445,2.48888445,2.48888445,2.48888445,2.516933761,2.516933761,2.516933761,2.335525856,2.335525856,2.335525856,2.349374968,2.349374968,2.349374968,2.27763747,2.27763747,2.27763747,1.877641234
1.108152289,1.103611775,1.154277946,1.132901754,1.132901754,1.181541892,1.156923007,1.156923007,1.111222545,1.10933869,1.10933869,1.10933869,1.110989326,1.120280864,1.16852959,1.208838466,1.157955885,1.152504497,1.128399749,1.128399749,1.13023028,1.13023028,1.13023028,1.13023028,1.13023028,1.195071599,1.195071599,1.195071599,1.185861648,1.221616375,1.221616375,1.248695708,1.258692348,1.28718202,1.28718202,1.29583965,1.293818842,1.358936336,1.528767975,1.592392745,1.592392745,1.597064325,1.675370661,1.675370661,1.671643794,1.671643794,1.671643794,1.671643794,1.659224566,1.659224566,1.659224566,1.748768731,1.748768731,1.748768731,1.741083852,1.741083852,1.741083852,1.78269464,1.78269464,1.78269464,2.13941775
1.139058188,1.130777869,1.105540016,1.114848944,1.114848944,1.128195344,1.103011892,1.103011892,1.092606758,1.12289583,1.12289583,1.12289583,1.117071733,1.112051144,1.121739408,1.128261552,1.12957524,1.155932311,1.157084058,1.157084058,1.17267462,1.17267462,1.17267462,1.17267462,1.17267462,1.274950141,1.274950141,1.274950141,1.326757172,1.396426846,1.396426846,1.4285096,1.428682635,1.391435984,1.391435984,1.585650693,1.651876487,1.724372927,1.760847809,2.005079678,2.005079678,2.305482358,2.431316038,2.431316038,2.527235735,2.527235735,2.527235735,2.527235735,2.623464612,2.623464612,2.623464612,3.326112287,3.326112287,3.326112287,3.568613381,3.568613381,3.568613381,3.706194201,3.706194201,3.706194201,4.249058154
1.139058188,1.130777869,1.105540016,1.114848944,1.114848944,1.128195344,1.103011892,1.103011892,1.092606758,1.12289583,1.12289583,1.12289583,1.117071733,1.112051144,1.121739408,1.128261552,1.12957524,1.155932311,1.157084058,1.157084058,1.17267462,1.17267462,1.17267462,1.17267462,1.17267462,1.274950141,1.274950141,1.274950141,1.326757172,1.396426846,1.396426846,1.4285096,1.428682635,1.391435984,1.391435984,1.585650693,1.651876487,1.724372927,1.760847809,2.005079678,2.005079678,2.305482358,2.431316038,2.431316038,2.527235735,2.527235735,2.527235735,2.527235735,2.623464612,2.623464612,2.623464612,3.326112287,3.326112287,3.326112287,3.568613381,3.568613381,3.568613381,3.706194201,3.706194201,3.706194201,4.249058154
1.432871297,1.430427765,1.421464475,1.43108536,1.43108536,1.452710242,1.465362938,1.465362938,1.514190292,1.505262664,1.505262664,1.505262664,1.61243394,1.664677385,1.536385449,1.683415755,1.845225512,1.831961878,1.679152828,1.679152828,1.699313219,1.699313219,1.699313219,1.699313219,1.699313219,1.638409986,1.638409986,1.638409986,1.624218295,1.7228081,1.7228081,1.906549467,1.482831078,1.438060628,1.438060628,1.425848746,1.34280585,1.30712352,1.300759566,1.283764332,1.283764332,1.242942121,1.208382862,1.208382862,1.201649833,1.201649833,1.201649833,1.201649833,1.255402014,1.255402014,1.255402014,1.27662025,1.27662025,1.27662025,1.26446683,1.26446683,1.26446683,1.259106079,1.259106079,1.259106079,1.288720461
2.157406391,2.073351751,1.827743376,1.768323613,1.768323613,1.853559471,1.701187093,1.701187093,1.627326911,1.617721252,1.617721252,1.617721252,1.548694951,1.508968737,1.454384561,1.347972601,1.348034816,1.375185478,1.37832807,1.37832807,1.414124284,1.414124284,1.414124284,1.414124284,1.414124284,1.497145301,1.497145301,1.497145301,1.53347105,1.551432701,1.551432701,1.499615626,1.425835726,1.31038425,1.31038425,1.326207995,1.345252242,1.323886101,1.278984959,1.3306673,1.3306673,1.268830514,1.287650998,1.287650998,1.315782406,1.315782406,1.315782406,1.315782406,1.318536347,1.318536347,1.318536347,1.344188768,1.344188768,1.344188768,1.37985276,1.37985276,1.37985276,1.33308268,1.33308268,1.33308268,1.261437951
1.304401338,1.365082957,1.598026094,1.519369966,1.519369966,1.573078163,1.635450787,1.635450787,1.723889272,1.835176203,1.835176203,1.835176203,1.614484914,1.557067098,1.844240398,2.126658885,1.823764434,1.943751553,2.154325821,2.154325821,2.120865923,2.120865923,2.120865923,2.120865923,2.120865923,2.356878709,2.356878709,2.356878709,2.583538918,2.442205786,2.442205786,2.348154444,1.866989919,2.118369515,2.118369515,2.515980538,2.56199217,2.452109399,2.629940852,2.403843517,2.403843517,2.778727401,2.91144062,2.91144062,2.830873584,2.830873584,2.830873584,2.830873584,3.235972964,3.235972964,3.235972964,3.364009457,3.364009457,3.364009457,3.218129185,3.218129185,3.218129185,3.125001269,3.125001269,3.125001269,3.47709749
1.304401338,1.365082957,1.598026094,1.519369966,1.519369966,1.573078163,1.635450787,1.635450787,1.723889272,1.835176203,1.835176203,1.835176203,1.614484914,1.557067098,1.844240398,1.887580095,2.213939275,2.059600906,1.866306533,1.866306533,1.892167368,1.892167368,1.892167368,1.892167368,1.892167368,1.736985549,1.736985549,1.736985549,1.631496952,1.693382324,1.693382324,1.741754778,2.153415948,1.89415885,1.89415885,1.659639075,1.640208075,1.688653348,1.613519196,1.712330105,1.712330105,1.562199694,1.523165611,1.523165611,1.546187355,1.546187355,1.546187355,1.546187355,1.447232599,1.447232599,1.447232599,1.423010152,1.423010152,1.423010152,1.450830369,1.450830369,1.450830369,1.470587954,1.470587954,1.470587954,1.403698282
3.641458437,3.406340218,3.859108668,2.492297651,2.492297651,2.285032643,2.468858568,2.468858568,2.750251934,2.117316709,2.117316709,2.117316709,1.869856783,1.738748861,1.858082478,2.064450914,1.948373061,1.948939023,2.061824288,2.061824288,2.027448107,2.027448107,2.027448107,2.027448107,2.027448107,1.571073624,1.571073624,1.571073624,1.577298536,1.428413876,1.428413876,1.438002162,1.323897936,1.259437824,1.259437824,1.253411749,1.247079923,1.174809267,1.160840118,1.061528994,1.061528994,1.062710511,1.047286139,1.047286139,1.044038869,1.044038869,1.044038869,1.044038869,1.027788028,1.027788028,1.027788028,1.014421095,1.014421095,1.014421095,1.010980959,1.010980959,1.010980959,1.011841286,1.011841286,1.011841286,1.008372433
1.511888257,1.668597681,1.408087973,2.129270459,2.129270459,2.705705095,2.627891346,2.627891346,2.606745509,2.255422379,2.255422379,2.255422379,2.263893009,2.306354197,2.491097728,2.341690734,1.912791736,1.990879779,1.965396567,1.965396567,1.981006902,1.981006902,1.981006902,1.981006902,1.981006902,3.012367583,3.012367583,3.012367583,3.298478078,2.876156489,2.876156489,2.351122668,1.79840993,1.595098902,1.595098902,1.462622059,1.437463733,1.307567913,1.347362164,1.236692655,1.236692655,1.195996302,1.204484121,1.204484121,1.210557612,1.210557612,1.210557612,1.210557612,1.239591999,1.239591999,1.239591999,1.163494189,1.163494189,1.163494189,1.155834536,1.155834536,1.155834536,1.135013562,1.135013562,1.135013562,1.101365258
1.406856208,1.329389914,1.327629712,1.279982076,1.279982076,1.304218451,1.229776573,1.229776573,1.149757901,1.149198807,1.149198807,1.149198807,1.104012867,1.096286203,1.104576284,1.098977926,1.062455257,1.06534883,1.047457295,1.047457295,1.044093578,1.044093578,1.044093578,1.044093578,1.044093578,1.044813992,1.044813992,1.044813992,1.044832081,1.055123775,1.055123775,1.052261935,1.043387765,1.032524818,1.032524818,1.030178036,1.034202897,1.039859261,1.048234613,1.056740637,1.056740637,1.053899811,1.061726322,1.061726322,1.055375184,1.055375184,1.055375184,1.055375184,1.040405846,1.040405846,1.040405846,1.038327337,1.038327337,1.038327337,1.030370676,1.030370676,1.030370676,1.030347132,1.030347132,1.030347132,1.036683628
3.457870816,4.035915664,4.052226224,4.571657211,4.571657211,4.287111603,5.352053772,5.352053772,1.149757901,1.149198807,1.149198807,1.149198807,1.104012867,1.096286203,1.104576284,1.098977926,1.062455257,1.06534883,1.047457295,1.047457295,1.044093578,1.044093578,1.044093578,1.044093578,1.044093578,1.044813992,1.044813992,1.044813992,1.044832081,1.055123775,1.055123775,1.052261935,1.043387765,1.032524818,1.032524818,1.030178036,1.034202897,1.039859261,1.048234613,1.056740637,1.056740637,1.053899811,1.061726322,1.061726322,1.055375184,1.055375184,1.055375184,1.055375184,1.040405846,1.040405846,1.040405846,1.038327337,1.038327337,1.038327337,1.030370676,1.030370676,1.030370676,1.030347132,1.030347132,1.030347132,1.036683628
1.845621545,1.699339099,1.538840331,1.35622076,1.35622076,1.285990028,1.266541105,1.266541105,1.24154464,1.165557066,1.165557066,1.165557066,1.107561404,1.091149494,1.084265177,1.104616412,1.062999391,1.067251698,1.056960941,1.056960941,1.051760914,1.051760914,1.051760914,1.051760914,1.051760914,1.031198619,1.031198619,1.031198619,1.0323269,1.034925152,1.034925152,1.026783151,1.030240665,1.024005303,1.024005303,1.032888806,1.039947054,1.040451671,1.042247036,1.022713962,1.022713962,1.028776294,1.027087196,1.027087196,1.022700681,1.022700681,1.022700681,1.022700681,1.010739926,1.010739926,1.010739926,1.007042573,1.007042573,1.007042573,1.004506507,1.004506507,1.004506507,1.003578519,1.003578519,1.003578519,1.003814364
2.182562112,2.429921481,2.855837328,1.35622076,1.35622076,1.285990028,1.266541105,1.266541105,1.24154464,1.165557066,1.165557066,1.165557066,1.107561404,1.091149494,1.084265177,1.104616412,1.062999391,1.067251698,1.056960941,1.056960941,1.051760914,1.051760914,1.051760914,1.051760914,1.051760914,1.031198619,1.031198619,1.031198619,1.0323269,1.034925152,1.034925152,1.026783151,1.030240665,1.024005303,1.024005303,1.032888806,1.039947054,1.040451671,1.042247036,1.022713962,1.022713962,1.028776294,1.027087196,1.027087196,1.022700681,1.022700681,1.022700681,1.022700681,1.010739926,1.010739926,1.010739926,1.007042573,1.007042573,1.007042573,1.004506507,1.004506507,1.004506507,1.003578519,1.003578519,1.003578519,1.003814364
1.845621545,1.699339099,1.538840331,1.35622076,1.35622076,1.285990028,1.266541105,1.266541105,1.24154464,1.165557066,1.165557066,1.165557066,1.107561404,1.091149494,1.084265177,1.104616412,1.062999391,1.067251698,1.056960941,1.056960941,1.051760914,1.051760914,1.051760914,1.051760914,1.051760914,1.031198619,1.031198619,1.031198619,1.0323269,1.034925152,1.034925152,1.026783151,1.030240665,1.024005303,1.024005303,1.032888806,1.039947054,1.040451671,1.042247036,1.022713962,1.022713962,1.028776294,1.027087196,1.027087196,1.022700681,1.022700681,1.022700681,1.022700681,1.010739926,1.010739926,1.010739926,1.007042573,1.007042573,1.007042573,1.004506507,1.004506507,1.004506507,1.003578519,1.003578519,1.003578519,1.003814364
2.094821078,2.099436504,2.219594866,2.435588448,2.435588448,2.744000931,2.903117152,2.903117152,2.89120243,3.036753336,3.036753336,3.036753336,4.575116177,1.217127015,1.239890428,1.264957985,1.202122302,1.211140887,1.209994977,1.209994977,1.202191179,1.202191179,1.202191179,1.202191179,1.202191179,1.111797338,1.111797338,1.111797338,1.11233653,1.111773698,1.111773698,1.108128474,1.076393594,1.063905424,1.063905424,1.074981764,1.082750216,1.08096547,1.073413703,1.056469934,1.056469934,1.066034364,1.061242729,1.061242729,1.056013269,1.056013269,1.056013269,1.056013269,1.03699566,1.03699566,1.03699566,1.03105728,1.03105728,1.03105728,1.024410153,1.024410153,1.024410153,1.023386834,1.023386834,1.023386834,1.02184234
2.094821078,2.099436504,2.219594866,2.435588448,2.435588448,2.744000931,2.903117152,2.903117152,2.89120243,1.49097747,1.49097747,1.49097747,1.27971119,1.217127015,1.239890428,1.264957985,1.202122302,1.211140887,1.209994977,1.209994977,1.202191179,1.202191179,1.202191179,1.202191179,1.202191179,1.111797338,1.111797338,1.111797338,1.11233653,1.111773698,1.111773698,1.108128474,1.076393594,1.063905424,1.063905424,1.074981764,1.082750216,1.08096547,1.073413703,1.056469934,1.056469934,1.066034364,1.061242729,1.061242729,1.056013269,1.056013269,1.056013269,1.056013269,1.03699566,1.03699566,1.03699566,1.03105728,1.03105728,1.03105728,1.024410153,1.024410153,1.024410153,1.023386834,1.023386834,1.023386834,1.02184234
2.094821078,2.099436504,2.219594866,2.435588448,2.435588448,2.744000931,2.903117152,2.903117152,2.89120243,3.036753336,3.036753336,3.036753336,1.27971119,1.217127015,1.239890428,1.264957985,1.202122302,1.211140887,1.209994977,1.209994977,1.202191179,1.202191179,1.202191179,1.202191179,1.202191179,1.111797338,1.111797338,1.111797338,1.11233653,1.111773698,1.111773698,1.108128474,1.076393594,1.063905424,1.063905424,1.074981764,1.082750216,1.08096547,1.073413703,1.056469934,1.056469934,1.066034364,1.061242729,1.061242729,1.056013269,1.056013269,1.056013269,1.056013269,1.03699566,1.03699566,1.03699566,1.03105728,1.03105728,1.03105728,1.024410153,1.024410153,1.024410153,1.023386834,1.023386834,1.023386834,1.02184234
1.330259706,1.338196369,1.321521983,1.381055524,1.381055524,1.389859428,1.401097283,1.401097283,1.366190166,1.468094109,1.468094109,1.468094109,1.469344429,1.498155614,1.454200224,1.49706377,1.457921697,1.592005907,1.545016099,1.545016099,1.505261151,1.505261151,1.505261151,1.505261151,1.505261151,1.723205826,1.723205826,1.723205826,1.947358296,2.093785967,2.093785967,2.095929508,2.711859499,2.848797823,2.848797823,3.525189634,4.412650918,4.649365953,4.900526955,6.155107555,6.155107555,6.605188287,8.696311654,8.696311654,8.223471827,8.223471827,8.223471827,8.223471827,8.931056409,8.931056409,8.931056409,9.789946698,9.789946698,9.789946698,9.287000981,9.287000981,9.287000981,9.155130919,9.155130919,9.155130919,10.20290668
1.443317931,1.449494676,1.340731138,1.355165011,1.355165011,1.301549982,1.333554247,1.333554247,1.334278655,1.419474159,1.419474159,1.419474159,1.395553093,1.378664228,1.39321607,1.422081009,1.41550399,2.539529505,2.191918771,2.191918771,2.265541101,2.265541101,2.265541101,2.265541101,2.265541101,1.849151192,1.849151192,1.849151192,1.522067867,1.551825155,1.551825155,1.585215856,1.569083588,1.605335729,1.605335729,1.305704321,1.24319262,1.292768265,1.313662645,1.364794812,1.364794812,1.312048508,1.284801966,1.284801966,1.305923585,1.305923585,1.305923585,1.305923585,1.259395113,1.259395113,1.259395113,1.2453509,1.2453509,1.2453509,1.275459225,1.275459225,1.275459225,1.255196985,1.255196985,1.255196985,1.235036881
1.443317931,1.449494676,1.340731138,1.355165011,1.355165011,1.301549982,1.333554247,1.333554247,1.334278655,1.419474159,1.419474159,1.419474159,1.395553093,1.378664228,1.39321607,1.422081009,1.41550399,1.649549097,1.838983347,1.838983347,1.790175838,1.790175838,1.790175838,1.790175838,1.790175838,2.177646584,2.177646584,2.177646584,1.522067867,1.551825155,1.551825155,1.585215856,1.569083588,1.605335729,1.605335729,1.305704321,1.24319262,1.292768265,1.313662645,1.364794812,1.364794812,1.312048508,1.284801966,1.284801966,1.305923585,1.305923585,1.305923585,1.305923585,1.259395113,1.259395113,1.259395113,1.2453509,1.2453509,1.2453509,1.275459225,1.275459225,1.275459225,1.255196985,1.255196985,1.255196985,1.235036881
1.443317931,1.449494676,1.340731138,1.355165011,1.355165011,1.301549982,1.333554247,1.333554247,1.334278655,1.419474159,1.419474159,1.419474159,1.395553093,1.378664228,1.39321607,1.422081009,1.41550399,1.649549097,1.838983347,1.838983347,1.790175838,1.790175838,1.790175838,1.790175838,1.790175838,2.177646584,2.177646584,2.177646584,2.915459776,2.812168204,2.812168204,2.708771199,2.757211104,2.651975841,2.651975841,1.305704321,1.24319262,1.292768265,1.313662645,1.364794812,1.364794812,1.312048508,1.284801966,1.284801966,1.305923585,1.305923585,1.305923585,1.305923585,1.259395113,1.259395113,1.259395113,1.2453509,1.2453509,1.2453509,1.275459225,1.275459225,1.275459225,1.255196985,1.255196985,1.255196985,1.235036881
1.192409421,1.203908877,1.242674593,1.217267422,1.217267422,1.333641469,1.274820761,1.274820761,1.289644881,1.308450501,1.308450501,1.308450501,1.374984901,1.382083546,1.443881292,1.46026072,1.641301737,1.604326868,1.651228657,1.651228657,1.852540456,1.852540456,1.852540456,1.852540456,1.852540456,2.38695087,2.38695087,2.38695087,2.312145252,2.3909913,2.3909913,2.82714802,2.891640141,2.851535762,2.851535762,2.902446564,2.792030399,2.807873013,2.791930001,3.31977443,3.31977443,3.231803883,3.341733391,3.341733391,4.103349681,4.103349681,4.103349681,4.103349681,4.849811708,4.849811708,4.849811708,6.241177644,6.241177644,6.241177644,9.092669896,9.092669896,9.092669896,9.295231097,9.295231097,9.295231097,7.656461521
1.192409421,1.203908877,1.242674593,1.217267422,1.217267422,1.333641469,1.274820761,1.274820761,1.289644881,1.308450501,1.308450501,1.308450501,1.374984901,1.382083546,1.443881292,1.46026072,1.641301737,1.604326868,1.651228657,1.651228657,1.852540456,1.852540456,1.852540456,1.852540456,1.852540456,2.38695087,2.38695087,2.38695087,2.312145252,2.3909913,2.3909913,2.82714802,2.891640141,2.851535762,2.851535762,2.902446564,2.792030399,2.807873013,2.791930001,3.31977443,3.31977443,3.231803883,3.341733391,3.341733391,4.103349681,4.103349681,4.103349681,4.103349681,4.849811708,4.849811708,4.849811708,6.241177644,6.241177644,6.241177644,9.092669896,9.092669896,9.092669896,9.295231097,9.295231097,9.295231097,7.656461521
1.192409421,1.203908877,1.242674593,1.217267422,1.217267422,1.333641469,1.274820761,1.274820761,1.289644881,1.308450501,1.308450501,1.308450501,1.374984901,1.382083546,1.443881292,1.46026072,1.641301737,1.604326868,1.651228657,1.651228657,2.172964864,2.172964864,2.172964864,2.172964864,2.172964864,1.721006073,1.721006073,1.721006073,1.762110749,1.718911758,1.718911758,1.547301034,1.528641774,1.540092188,1.540092188,1.525638943,1.558026248,1.553136195,1.558057513,1.431076396,1.431076396,1.448068044,1.427034095,1.427034095,1.322232459,1.322232459,1.322232459,1.322232459,1.259752963,1.259752963,1.259752963,1.190796815,1.190796815,1.190796815,1.123568614,1.123568614,1.123568614,1.120551192,1.120551192,1.120551192,1.150229968
1.192409421,1.203908877,1.242674593,1.217267422,1.217267422,1.333641469,1.274820761,1.274820761,1.289644881,1.308450501,1.308450501,1.308450501,1.374984901,1.382083546,1.443881292,1.46026072,1.641301737,1.604326868,1.651228657,1.651228657,1.852540456,1.852540456,1.852540456,1.852540456,1.852540456,2.38695087,2.38695087,2.38695087,2.312145252,2.3909913,2.3909913,2.82714802,2.891640141,2.851535762,2.851535762,2.902446564,2.792030399,2.807873013,2.791930001,3.31977443,3.31977443,3.231803883,3.341733391,3.341733391,4.103349681,4.103349681,4.103349681,4.103349681,4.849811708,4.849811708,4.849811708,6.241177644,6.241177644,6.241177644,1.123568614,1.123568614,1.123568614,1.120551192,1.120551192,1.120551192,1.150229968
1.192409421,1.203908877,1.242674593,1.217267422,1.217267422,1.333641469,1.274820761,1.274820761,1.289644881,1.308450501,1.308450501,1.308450501,1.374984901,1.382083546,1.443881292,1.46026072,1.641301737,1.604326868,1.651228657,1.651228657,1.852540456,1.852540456,1.852540456,1.852540456,1.852540456,2.38695087,2.38695087,2.38695087,2.312145252,2.3909913,2.3909913,2.82714802,2.891640141,2.851535762,2.851535762,2.902446564,2.792030399,2.807873013,2.791930001,3.31977443,3.31977443,3.231803883,3.341733391,3.341733391,1.322232459,1.322232459,1.322232459,1.322232459,1.259752963,1.259752963,1.259752963,1.190796815,1.190796815,1.190796815,1.123568614,1.123568614,1.123568614,1.120551192,1.120551192,1.120551192,1.150229968
1.019865854,1.024217209,1.027733374,1.049740829,1.049740829,1.080550351,1.046267227,1.046267227,1.029582413,1.055861435,1.055861435,1.055861435,1.037526659,1.034547006,1.044742753,1.042507149,1.036781266,1.035433661,1.026304245,1.026304245,1.03129302,1.03129302,1.03129302,1.03129302,1.03129302,1.049481058,1.049481058,1.049481058,1.043738844,1.077507842,1.077507842,1.104334894,1.0993153,1.110879961,1.110879961,1.121525388,1.144683268,1.266529774,1.322925434,1.726145069,1.726145069,1.699952981,1.422764345,1.422764345,1.355595617,1.355595617,1.355595617,1.355595617,1.280130378,1.280130378,1.280130378,1.106929734,1.106929734,1.106929734,1.073813742,1.073813742,1.073813742,1.078847907,1.078847907,1.078847907,1.055005474
2.662894185,2.803246419,2.472993603,3.188584171,3.188584171,3.204438963,3.24543786,3.24543786,3.880369482,4.551047187,4.551047187,4.551047187,7.761481965,8.688462423,8.362159574,7.122416906,1.065549207,1.080777145,1.063330535,1.063330535,1.050931093,1.050931093,1.050931093,1.050931093,1.050931093,1.045714327,1.045714327,1.045714327,1.055788176,1.061468416,1.061468416,1.039559904,1.039736071,1.036162579,1.036162579,1.047458467,1.068876016,1.070267126,1.084582786,1.064019204,1.064019204,1.066001252,1.091189186,1.091189186,1.070466013,1.070466013,1.070466013,1.070466013,1.045044698,1.045044698,1.045044698,1.030088354,1.030088354,1.030088354,1.017896587,1.017896587,1.017896587,1.012239799,1.012239799,1.012239799,1.013877276
1.601361175,1.554555378,1.678889574,1.4569164,1.4569164,1.45363016,1.445347439,1.445347439,1.347177682,1.281607072,1.281607072,1.281607072,1.147896571,1.130065018,1.13582971,1.163334189,1.065549207,1.080777145,1.063330535,1.063330535,1.050931093,1.050931093,1.050931093,1.050931093,1.050931093,1.045714327,1.045714327,1.045714327,1.055788176,1.061468416,1.061468416,1.039559904,1.039736071,1.036162579,1.036162579,1.047458467,1.068876016,1.070267126,1.084582786,1.064019204,1.064019204,1.066001252,1.091189186,1.091189186,1.070466013,1.070466013,1.070466013,1.070466013,1.045044698,1.045044698,1.045044698,1.030088354,1.030088354,1.030088354,1.017896587,1.017896587,1.017896587,1.012239799,1.012239799,1.012239799,1.013877276
1.601361175,1.554555378,1.678889574,1.4569164,1.4569164,1.45363016,1.445347439,1.445347439,1.347177682,1.281607072,1.281607072,1.281607072,1.147896571,1.130065018,1.13582971,1.163334189,1.065549207,1.080777145,1.063330535,1.063330535,1.050931093,1.050931093,1.050931093,1.050931093,1.050931093,1.045714327,1.045714327,1.045714327,1.055788176,1.061468416,1.061468416,1.039559904,1.039736071,1.036162579,1.036162579,1.047458467,1.068876016,1.070267126,1.084582786,1.064019204,1.064019204,1.066001252,1.091189186,1.091189186,1.070466013,1.070466013,1.070466013,1.070466013,1.045044698,1.045044698,1.045044698,1.030088354,1.030088354,1.030088354,1.017896587,1.017896587,1.017896587,1.012239799,1.012239799,1.012239799,1.013877276
1.601361175,1.554555378,1.678889574,1.4569164,1.4569164,1.45363016,1.445347439,1.445347439,1.347177682,1.281607072,1.281607072,1.281607072,1.147896571,1.130065018,1.13582971,1.163334189,1.065549207,1.080777145,1.063330535,1.063330535,1.050931093,1.050931093,1.050931093,1.050931093,1.050931093,1.045714327,1.045714327,1.045714327,1.055788176,1.061468416,1.061468416,1.039559904,1.039736071,1.036162579,1.036162579,1.047458467,1.068876016,1.070267126,1.084582786,1.064019204,1.064019204,1.066001252,1.091189186,1.091189186,1.070466013,1.070466013,1.070466013,1.070466013,1.045044698,1.045044698,1.045044698,1.030088354,1.030088354,1.030088354,1.017896587,1.017896587,1.017896587,1.012239799,1.012239799,1.012239799,1.013877276
1.601361175,1.554555378,1.678889574,1.4569164,1.4569164,1.45363016,1.445347439,1.445347439,1.347177682,1.281607072,1.281607072,1.281607072,1.147896571,1.130065018,1.13582971,1.163334189,1.065549207,1.080777145,1.063330535,1.063330535,1.050931093,1.050931093,1.050931093,1.050931093,1.050931093,1.045714327,1.045714327,1.045714327,1.055788176,1.061468416,1.061468416,1.039559904,1.039736071,1.036162579,1.036162579,1.047458467,1.068876016,1.070267126,1.084582786,1.064019204,1.064019204,1.066001252,1.091189186,1.091189186,1.070466013,1.070466013,1.070466013,1.070466013,1.045044698,1.045044698,1.045044698,1.030088354,1.030088354,1.030088354,1.017896587,1.017896587,1.017896587,1.012239799,1.012239799,1.012239799,1.013877276
2.662894185,2.803246419,2.472993603,3.188584171,3.188584171,3.204438963,3.24543786,3.24543786,3.880369482,4.551047187,4.551047187,4.551047187,1.147896571,1.130065018,1.13582971,1.163334189,1.065549207,1.080777145,1.063330535,1.063330535,1.050931093,1.050931093,1.050931093,1.050931093,1.050931093,1.045714327,1.045714327,1.045714327,1.055788176,1.061468416,1.061468416,1.039559904,1.039736071,1.036162579,1.036162579,1.047458467,1.068876016,1.070267126,1.084582786,1.064019204,1.064019204,1.066001252,1.091189186,1.091189186,1.070466013,1.070466013,1.070466013,1.070466013,1.045044698,1.045044698,1.045044698,1.030088354,1.030088354,1.030088354,1.017896587,1.017896587,1.017896587,1.012239799,1.012239799,1.012239799,1.013877276
1.148583989,1.136145081,1.150952608,1.103176417,1.103176417,1.13804946,1.114858359,1.114858359,1.121107348,1.108716551,1.108716551,1.108716551,1.120286594,1.116117265,1.139832936,1.179304897,1.21457685,1.210084995,1.213211982,1.213211982,1.265283315,1.265283315,1.265283315,1.265283315,1.265283315,1.342927176,1.342927176,1.342927176,1.334061316,1.352297911,1.352297911,1.458780605,1.502689394,1.447300832,1.447300832,1.529888137,1.520865695,1.505568812,1.539675954,1.437489908,1.437489908,1.533822465,1.489739387,1.489739387,1.587950854,1.587950854,1.587950854,1.587950854,1.498079185,1.498079185,1.498079185,1.520016189,1.520016189,1.520016189,1.633080629,1.633080629,1.633080629,1.688647811,1.688647811,1.688647811,1.602793393
1.148583989,1.136145081,1.150952608,1.103176417,1.103176417,1.13804946,1.114858359,1.114858359,1.121107348,1.108716551,1.108716551,1.108716551,1.120286594,1.116117265,1.139832936,1.179304897,1.21457685,1.210084995,1.213211982,1.213211982,1.265283315,1.265283315,1.265283315,1.265283315,1.265283315,1.342927176,1.342927176,1.342927176,1.334061316,1.352297911,1.352297911,1.458780605,1.502689394,1.447300832,1.447300832,1.529888137,1.520865695,1.505568812,1.539675954,1.437489908,1.437489908,1.533822465,1.489739387,1.489739387,1.587950854,1.587950854,1.587950854,1.587950854,1.498079185,1.498079185,1.498079185,1.520016189,1.520016189,1.520016189,1.633080629,1.633080629,1.633080629,1.688647811,1.688647811,1.688647811,1.602793393
1.148583989,1.136145081,1.150952608,1.103176417,1.103176417,1.13804946,1.114858359,1.114858359,1.121107348,1.108716551,1.108716551,1.108716551,1.120286594,1.116117265,1.139832936,1.179304897,1.21457685,1.210084995,1.213211982,1.213211982,1.265283315,1.265283315,1.265283315,1.265283315,1.265283315,1.342927176,1.342927176,1.342927176,1.334061316,1.352297911,1.352297911,3.179691097,2.989299976,3.235631878,3.235631878,2.887190766,2.919880709,2.977970114,2.852963789,3.285767012,3.285767012,2.873281972,3.04190234,3.04190234,2.700822428,2.700822428,2.700822428,2.700822428,3.007712891,3.007712891,3.007712891,2.923017053,2.923017053,2.923017053,2.579577632,2.579577632,2.579577632,2.452121076,2.452121076,2.452121076,2.658943198
2.148628896,2.062393254,2.67831523,2.161591271,2.161591271,2.617439551,2.400747869,2.400747869,2.300316328,2.217241194,2.217241194,2.217241194,2.007864097,1.957855732,2.187618981,2.057821526,1.822173933,1.760565385,1.709399687,1.709399687,1.744080252,1.744080252,1.744080252,1.744080252,1.744080252,1.949994727,1.949994727,1.949994727,1.878285675,1.816140473,1.816140473,1.757323705,1.419786202,1.355849607,1.355849607,1.247687947,1.224267874,1.202265316,1.218302804,1.228166978,1.228166978,1.187597054,1.195861491,1.195861491,1.207886915,1.207886915,1.207886915,1.207886915,1.229966797,1.229966797,1.229966797,1.209786566,1.209786566,1.209786566,1.221333034,1.221333034,1.221333034,1.210251217,1.210251217,1.210251217,1.175117856
2.102369107,1.976758658,1.795737879,1.653053183,1.653053183,1.596256617,1.513750683,1.513750683,1.475398957,1.40127703,1.40127703,1.40127703,1.278860927,1.241632756,1.267721276,1.256311322,1.142975393,1.139226076,1.146127694,1.146127694,1.143147027,1.143147027,1.143147027,1.143147027,1.143147027,1.142565298,1.142565298,1.142565298,1.136108383,1.142728728,1.142728728,1.083143689,1.04535322,1.041323079,1.041323079,1.05430268,1.047240013,1.050604962,1.054505798,1.040686895,1.040686895,1.052386777,1.044053832,1.044053832,1.040204535,1.040204535,1.040204535,1.040204535,1.032648352,1.032648352,1.032648352,1.03445796,1.03445796,1.03445796,1.027544246,1.027544246,1.027544246,1.019324329,1.019324329,1.019324329,1.027025451
2.102369107,1.976758658,1.795737879,1.653053183,1.653053183,1.596256617,1.513750683,1.513750683,1.475398957,1.40127703,1.40127703,1.40127703,1.278860927,1.241632756,1.267721276,1.256311322,1.142975393,1.139226076,1.146127694,1.146127694,1.143147027,1.143147027,1.143147027,1.143147027,1.143147027,1.142565298,1.142565298,1.142565298,1.136108383,1.142728728,1.142728728,1.083143689,1.04535322,1.041323079,1.041323079,1.05430268,1.047240013,1.050604962,1.054505798,1.040686895,1.040686895,1.052386777,1.044053832,1.044053832,1.040204535,1.040204535,1.040204535,1.040204535,1.032648352,1.032648352,1.032648352,1.03445796,1.03445796,1.03445796,1.027544246,1.027544246,1.027544246,1.019324329,1.019324329,1.019324329,1.027025451
2.102369107,1.976758658,1.795737879,1.653053183,1.653053183,1.596256617,1.513750683,1.513750683,1.475398957,1.40127703,1.40127703,1.40127703,1.278860927,1.241632756,1.267721276,1.256311322,1.142975393,1.139226076,1.146127694,1.146127694,1.143147027,1.143147027,1.143147027,1.143147027,1.143147027,1.142565298,1.142565298,1.142565298,1.136108383,1.142728728,1.142728728,1.083143689,1.04535322,1.041323079,1.041323079,1.05430268,1.047240013,1.050604962,1.054505798,1.040686895,1.040686895,1.052386777,1.044053832,1.044053832,1.040204535,1.040204535,1.040204535,1.040204535,1.032648352,1.032648352,1.032648352,1.03445796,1.03445796,1.03445796,1.027544246,1.027544246,1.027544246,1.019324329,1.019324329,1.019324329,1.027025451
2.102369107,1.976758658,1.795737879,1.653053183,1.653053183,1.596256617,1.513750683,1.513750683,1.475398957,1.40127703,1.40127703,1.40127703,1.278860927,1.241632756,1.267721276,1.256311322,1.142975393,1.139226076,1.146127694,1.146127694,1.143147027,1.143147027,1.143147027,1.143147027,1.143147027,1.142565298,1.142565298,1.142565298,1.136108383,1.142728728,1.142728728,1.083143689,1.04535322,1.041323079,1.041323079,1.05430268,1.047240013,1.050604962,1.054505798,1.040686895,1.040686895,1.052386777,1.044053832,1.044053832,1.040204535,1.040204535,1.040204535,1.040204535,1.032648352,1.032648352,1.032648352,1.03445796,1.03445796,1.03445796,1.027544246,1.027544246,1.027544246,1.019324329,1.019324329,1.019324329,1.027025451
1.116710489,1.125751597,1.130780251,1.172368225,1.172368225,1.217617087,1.174200376,1.174200376,1.147044382,1.193592303,1.193592303,1.193592303,1.184227771,1.188100331,1.190584949,1.208276753,1.214266462,1.212031915,1.169741373,1.169741373,1.184230042,1.184230042,1.184230042,1.184230042,1.184230042,1.2286588,1.2286588,1.2286588,1.21795945,4.320248539,4.320248539,3.66015206,2.812204149,2.634497681,2.634497681,2.516715194,2.273789435,1.922754031,1.822821506,1.424707899,1.424707899,1.388629453,1.289383718,1.289383718,1.266173131,1.266173131,1.266173131,1.266173131,1.261894344,1.261894344,1.261894344,1.176315322,1.176315322,1.176315322,1.147683287,1.147683287,1.147683287,1.14997253,1.14997253,1.14997253,1.129441993
1.103275619,1.101158043,1.107015428,1.104689642,1.104689642,1.137638091,1.110554082,1.110554082,1.093720166,1.118691667,1.118691667,1.118691667,1.107639532,1.105153463,1.123789484,1.135218466,1.120595876,1.142938163,1.136356411,1.136356411,1.149328443,1.149328443,1.149328443,1.149328443,1.149328443,4.765301388,4.765301388,4.765301388,4.199703236,3.633012829,3.633012829,3.451726539,3.424654228,3.536951933,3.536951933,2.846647529,2.58935035,2.427436271,2.257565118,1.90028135,1.90028135,1.785672938,1.631579216,1.631579216,1.585730299,1.585730299,1.585730299,1.585730299,1.527042998,1.527042998,1.527042998,1.385999168,1.385999168,1.385999168,1.344776328,1.344776328,1.344776328,1.349746951,1.349746951,1.349746951,1.305499739
1.103275619,1.101158043,1.107015428,1.104689642,1.104689642,1.137638091,1.110554082,1.110554082,1.093720166,1.118691667,1.118691667,1.118691667,1.107639532,1.105153463,1.123789484,1.135218466,1.120595876,1.142938163,1.136356411,1.136356411,1.149328443,1.149328443,1.149328443,1.149328443,1.149328443,1.26558299,1.26558299,1.26558299,1.312528984,1.37979306,1.37979306,1.407875831,1.412429941,1.394173806,1.394173806,1.541521858,1.629187894,1.70055667,1.79518745,2.110763874,2.110763874,2.272794253,2.583332661,2.583332661,2.707270397,2.707270397,2.707270397,2.707270397,2.897378398,2.897378398,2.897378398,3.590679162,3.590679162,3.590679162,3.900431145,3.900431145,3.900431145,3.859210061,3.859210061,3.859210061,4.273325217
1.388501876,1.41333267,1.419974516,1.407669063,1.407669063,1.433144954,1.447817134,1.447817134,1.475636546,1.53151462,1.53151462,1.53151462,1.589150696,1.586208638,1.634349211,1.710957302,1.967024385,2.140605022,2.304536357,2.304536357,2.405295394,2.405295394,2.405295394,2.405295394,2.405295394,2.664213009,2.664213009,2.664213009,3.001163853,2.900768116,2.900768116,3.57367145,4.083825989,3.979775453,3.979775453,4.704795631,5.151733702,4.653870887,4.408718086,4.320267024,4.320267024,4.295814331,4.454141786,4.454141786,4.763463856,4.763463856,4.763463856,4.763463856,5.170804595,5.170804595,5.170804595,5.286658828,5.286658828,5.286658828,5.883923397,5.883923397,5.883923397,6.990029433,6.990029433,6.990029433,5.981337465
1.388501876,1.41333267,1.419974516,1.407669063,1.407669063,1.433144954,1.447817134,1.447817134,1.475636546,1.53151462,1.53151462,1.53151462,1.589150696,1.586208638,1.634349211,1.710957302,2.034100086,1.876727684,1.766555868,1.766555868,1.711594163,1.711594163,1.711594163,1.711594163,1.711594163,1.600884619,1.600884619,1.600884619,1.499709206,1.526103101,1.526103101,1.388549984,1.324272512,1.335595757,1.335595757,1.269920422,1.240863233,1.273682358,1.293365416,1.301180596,1.301180596,1.30341515,1.289507514,1.289507514,1.265712662,1.265712662,1.265712662,1.265712662,1.239761892,1.239761892,1.239761892,1.23328192,1.23328192,1.23328192,1.204753416,1.204753416,1.204753416,1.166944088,1.166944088,1.166944088,1.200749298
1.388501876,1.41333267,1.419974516,1.407669063,1.407669063,1.433144954,1.447817134,1.447817134,1.475636546,2.881415792,2.881415792,2.881415792,2.697358598,2.705877286,2.576418764,2.406554229,2.034100086,1.876727684,1.766555868,1.766555868,1.711594163,1.711594163,1.711594163,1.711594163,1.711594163,1.600884619,1.600884619,1.600884619,1.499709206,1.526103101,1.526103101,1.388549984,1.324272512,1.335595757,1.335595757,1.269920422,1.240863233,1.273682358,1.293365416,1.301180596,1.301180596,1.30341515,1.289507514,1.289507514,1.265712662,1.265712662,1.265712662,1.265712662,1.239761892,1.239761892,1.239761892,1.23328192,1.23328192,1.23328192,1.204753416,1.204753416,1.204753416,1.166944088,1.166944088,1.166944088,1.200749298
2.327267561,2.230783923,2.071730313,2.046788971,2.046788971,1.91732048,2.083621651,2.083621651,2.259119474,2.047071298,2.047071298,2.047071298,2.573100799,2.830241776,2.702689163,3.010430069,3.017040931,2.844423887,3.006384341,3.006384341,2.965827308,2.965827308,2.965827308,2.965827308,2.965827308,3.268736396,3.268736396,3.268736396,3.12940172,3.08043458,3.08043458,2.651853972,3.143226942,3.742336945,3.742336945,4.280903068,3.716035162,3.831832852,4.247868114,3.124950296,3.124950296,3.911464254,3.29498499,3.29498499,3.186645147,3.186645147,3.186645147,3.186645147,3.130580952,3.130580952,3.130580952,3.099729346,3.099729346,3.099729346,2.975385128,2.975385128,2.975385128,2.800154807,2.800154807,2.800154807,3.569123203
2.09110717,2.237423365,2.27755089,2.135907946,2.135907946,2.06972961,2.330534804,2.330534804,2.828883966,2.318667282,2.318667282,2.318667282,2.704908884,2.815245238,2.70949552,3.320911296,3.707676442,3.329132649,3.684830888,3.684830888,3.862799514,3.862799514,3.862799514,3.862799514,3.862799514,3.257875178,3.257875178,3.257875178,2.985984325,2.828038958,2.828038958,2.737743598,3.783395733,4.783785994,4.783785994,5.581303001,5.244908955,5.193365108,5.1401327,3.503472389,3.503472389,4.045622684,3.593772122,3.593772122,3.724072321,3.724072321,3.724072321,3.724072321,3.333438085,3.333438085,3.333438085,3.040638003,3.040638003,3.040638003,3.141295284,3.141295284,3.141295284,2.779634305,2.779634305,2.779634305,2.735343811
1.954602654,1.821687373,1.942266407,1.754274086,1.754274086,1.873447711,1.670397776,1.670397776,1.572151766,1.475283406,1.475283406,1.475283406,1.433829926,1.406896541,1.538614195,1.489909096,1.411222397,1.295708786,1.275218606,1.275218606,1.305763265,1.305763265,1.305763265,1.305763265,1.305763265,1.275644456,1.275644456,1.275644456,1.189777276,1.194885799,1.194885799,1.187702331,1.090652493,1.079286182,1.079286182,1.054784204,1.036754199,1.041470831,1.04847206,1.044473287,1.044473287,1.045249086,1.032706085,1.032706085,1.034796608,1.034796608,1.034796608,1.034796608,1.030423765,1.030423765,1.030423765,1.033588543,1.033588543,1.033588543,1.035311017,1.035311017,1.035311017,1.036180011,1.036180011,1.036180011,1.044125196
1.230538052,1.395697506,1.632236283,2.139881599,2.139881599,2.490618624,2.542142105,2.542142105,2.466758589,3.005254545,3.005254545,3.005254545,2.761258844,2.799197891,2.861428327,3.003928936,3.884536459,3.641921863,3.372373512,3.372373512,3.53121439,3.53121439,3.53121439,3.53121439,3.53121439,2.891102741,2.891102741,2.891102741,2.68848055,2.993741964,2.993741964,1.282328893,1.146431847,1.098915151,1.098915151,1.121021654,1.089177952,1.068317855,1.074701992,1.027624127,1.027624127,1.043645733,1.025123458,1.025123458,1.021502812,1.021502812,1.021502812,1.021502812,1.016145957,1.016145957,1.016145957,1.011541413,1.011541413,1.011541413,1.007932814,1.007932814,1.007932814,1.007772341,1.007772341,1.007772341,1.010629984
2.963114518,2.869979929,2.799230805,3.167634137,3.167634137,2.932354635,2.691221476,2.691221476,2.498497572,2.519442906,2.519442906,2.519442906,2.403771639,2.344241125,2.44210802,2.244405635,2.303901358,1.977537054,1.856412983,1.856412983,1.850419623,1.850419623,1.850419623,1.850419623,1.850419623,1.518820411,1.518820411,1.518820411,1.368672954,1.387314344,1.387314344,1.44516717,1.301822202,1.286867456,1.286867456,1.180368794,1.138872726,1.165909257,1.170803329,1.203622784,1.203622784,1.196026221,1.155682137,1.155682137,1.152558534,1.152558534,1.152558534,1.152558534,1.134625697,1.134625697,1.134625697,1.147186779,1.147186779,1.147186779,1.146391735,1.146391735,1.146391735,1.175647962,1.175647962,1.175647962,1.205562772
2.963114518,2.869979929,2.799230805,3.167634137,3.167634137,2.932354635,2.691221476,2.691221476,2.498497572,2.519442906,2.519442906,2.519442906,2.403771639,2.344241125,2.44210802,2.244405635,2.303901358,1.977537054,1.856412983,1.856412983,1.850419623,1.850419623,1.850419623,1.850419623,1.850419623,1.518820411,1.518820411,1.518820411,1.368672954,1.387314344,1.387314344,1.44516717,1.301822202,1.286867456,1.286867456,1.180368794,1.138872726,1.165909257,1.170803329,1.203622784,1.203622784,1.196026221,1.155682137,1.155682137,1.152558534,1.152558534,1.152558534,1.152558534,1.134625697,1.134625697,1.134625697,1.147186779,1.147186779,1.147186779,1.146391735,1.146391735,1.146391735,1.175647962,1.175647962,1.175647962,1.205562772
2.241161125,2.225401951,2.428517568,2.30210054,2.30210054,2.285783404,2.437084475,2.437084475,3.763400994,4.494315236,4.494315236,4.494315236,4.578596697,4.398429966,4.12664273,5.095606503,5.494909403,5.474496559,5.737463508,5.737463508,5.983605352,5.983605352,5.983605352,5.983605352,5.983605352,6.267242709,6.267242709,6.267242709,6.310344218,6.012322297,6.012322297,5.575575527,5.345745018,6.376088248,6.376088248,6.556914052,6.518396257,6.060274786,5.543250952,4.936913552,4.936913552,1.124056671,1.134470799,1.134470799,1.129734861,1.129734861,1.129734861,1.129734861,1.123112873,1.123112873,1.123112873,1.122822485,1.122822485,1.122822485,1.11493181,1.11493181,1.11493181,1.120527901,1.120527901,1.120527901,1.134980509
1.805697165,1.816058763,1.700026393,1.767989851,1.767989851,1.777735968,1.695853318,1.695853318,1.361872925,1.286179103,1.286179103,1.286179103,1.279439145,1.294253526,1.319831873,1.244164081,1.222473894,1.22348883,1.21108342,1.21108342,1.200657943,1.200657943,1.200657943,1.200657943,1.200657943,1.189852653,1.189852653,1.189852653,1.18831171,1.19950832,1.19950832,1.218551742,1.230110141,1.186008851,1.186008851,1.179955995,1.181212068,1.197617727,1.220106706,1.254006085,1.254006085,1.124056671,1.134470799,1.134470799,1.129734861,1.129734861,1.129734861,1.129734861,1.123112873,1.123112873,1.123112873,1.122822485,1.122822485,1.122822485,1.11493181,1.11493181,1.11493181,1.120527901,1.120527901,1.120527901,1.134980509
1.238756068,1.296758392,1.205046319,1.370096664,1.370096664,1.29611314,1.283175771,1.283175771,1.232331089,1.333842552,1.333842552,1.333842552,1.28108377,1.263052914,1.304965051,1.299531691,1.300112189,1.355792828,1.43476929,1.43476929,1.424220947,1.424220947,1.424220947,1.424220947,1.424220947,1.437712604,1.437712604,1.437712604,1.508751865,1.594477317,1.594477317,1.61973511,1.564293643,1.673079306,1.673079306,2.184899092,2.238241205,2.549642177,2.543550744,3.310049297,3.310049297,3.574569318,3.709267373,3.709267373,3.592154287,3.592154287,3.592154287,3.592154287,4.205125372,4.205125372,4.205125372,1.1816987,1.1816987,1.1816987,1.179007842,1.179007842,1.179007842,1.171152043,1.171152043,1.171152043,1.107348256
2.36563973,2.088506132,2.071444695,1.873642269,1.873642269,1.903951771,1.742299369,1.742299369,1.741169558,1.71184221,1.71184221,1.71184221,1.63764325,1.593471248,1.558103275,1.537216186,1.533839189,1.462866679,1.359431839,1.359431839,1.371403888,1.371403888,1.371403888,1.371403888,1.371403888,1.285664068,1.285664068,1.285664068,1.237800789,1.253643848,1.253643848,1.283992125,1.241876609,1.184878503,1.184878503,1.125700284,1.119947497,1.123626523,1.123009651,1.121785773,1.121785773,1.136794637,1.122498797,1.122498797,1.123645321,1.123645321,1.123645321,1.123645321,1.089330731,1.089330731,1.089330731,1.076703344,1.076703344,1.076703344,1.073262043,1.073262043,1.073262043,1.083003442,1.083003442,1.083003442,1.072391286
1.973868992,1.81161024,2.069652932,2.018732673,2.018732673,2.166004391,1.963009773,1.963009773,1.81927307,1.815204467,1.815204467,1.815204467,1.692495025,1.708781776,1.584772701,1.617318473,1.522493178,1.407532478,1.212897564,1.212897564,1.196065319,1.196065319,1.196065319,1.196065319,1.196065319,1.12353979,1.12353979,1.12353979,1.090053591,1.117274514,1.117274514,1.146516579,1.219471998,1.197739574,1.197739574,1.095775855,1.113280456,1.149594492,1.175009089,1.260203603,1.260203603,1.258420398,1.323123218,1.323123218,1.299354058,1.299354058,1.299354058,1.299354058,1.185326155,1.185326155,1.185326155,1.14542457,1.14542457,1.14542457,1.127129982,1.127129982,1.127129982,1.137888812,1.137888812,1.137888812,1.126419058
2.02683216,2.23211851,1.93488268,1.981611787,1.981611787,1.857629704,2.038411061,2.038411061,2.220594252,2.226686114,2.226686114,2.226686114,2.444053696,2.41087149,2.710066149,2.619909404,2.913900587,3.45379216,1.212897564,1.212897564,1.196065319,1.196065319,1.196065319,1.196065319,1.196065319,1.12353979,1.12353979,1.12353979,1.090053591,1.117274514,1.117274514,1.146516579,1.219471998,1.197739574,1.197739574,1.095775855,1.113280456,1.149594492,1.175009089,1.260203603,1.260203603,1.258420398,1.323123218,1.323123218,1.299354058,1.299354058,1.299354058,1.299354058,1.185326155,1.185326155,1.185326155,1.14542457,1.14542457,1.14542457,1.127129982,1.127129982,1.127129982,1.137888812,1.137888812,1.137888812,1.126419058
1.079862336,1.092703693,1.099837125,1.117306634,1.117306634,1.123094375,1.109163388,1.109163388,1.097297457,1.128141296,1.128141296,1.128141296,1.083380422,1.073318229,1.077220604,1.106892737,1.097489363,1.118138709,1.095028812,1.095028812,1.09327505,1.09327505,1.09327505,1.09327505,1.09327505,1.074561374,1.074561374,1.074561374,1.086535628,1.114270093,1.114270093,1.161202153,1.272744524,1.288554362,1.288554362,1.403413626,1.646304313,1.803409284,1.830158304,2.239236975,2.239236975,2.481839442,3.228186992,3.228186992,3.154436271,3.154436271,3.154436271,3.154436271,2.627651959,2.627651959,2.627651959,2.804919703,2.804919703,2.804919703,2.68340206,2.68340206,2.68340206,2.764735241,2.764735241,2.764735241,2.742122353
1.260552625,1.332451789,1.226382405,1.291531519,1.291531519,1.21033632,1.228369396,1.228369396,1.257627408,1.301511688,1.301511688,1.301511688,1.213678207,1.176221254,1.1709807,1.227023743,1.267978306,1.354316081,1.424786699,1.424786699,1.421639714,1.421639714,1.421639714,1.421639714,1.421639714,1.253280995,1.253280995,1.253280995,1.329957697,1.350023807,1.350023807,1.444223868,1.683011686,1.726897293,1.726897293,2.498939282,3.155801433,3.184419283,2.741562305,2.611895769,2.611895769,3.043506808,3.277385343,3.277385343,3.193261149,3.193261149,3.193261149,3.193261149,2.702854342,2.702854342,2.702854342,2.806253425,2.806253425,2.806253425,2.645095912,2.645095912,2.645095912,2.707308666,2.707308666,2.707308666,2.572124607
5.444630134,6.486355041,6.851518195,8.222888161,8.222888161,6.372108942,1.113533971,1.113533971,1.079057153,1.078091272,1.078091272,1.078091272,1.058723665,1.051657924,1.059153519,1.051929174,1.043983191,1.039651994,1.030316706,1.030316706,1.035355811,1.035355811,1.035355811,1.035355811,1.035355811,1.038911124,1.038911124,1.038911124,1.032922627,1.042084811,1.042084811,1.047864355,1.034090762,1.022642629,1.022642629,1.019228043,1.018813963,1.022548574,1.024750999,1.034058414,1.034058414,1.032037671,1.032721159,1.032721159,1.03662388,1.03662388,1.03662388,1.03662388,1.027613107,1.027613107,1.027613107,1.033065477,1.033065477,1.033065477,1.036104428,1.036104428,1.036104428,1.036647937,1.036647937,1.036647937,1.036165599
15.13338039,12.62103456,7.576612542,9.470205442,9.470205442,7.150355181,7.881083274,7.881083274,9.992196145,10.39324647,10.39324647,10.39324647,13.27968224,14.61287445,7.779900047,6.186599578,7.055592423,6.912148165,5.901477003,5.901477003,5.38309996,5.38309996,5.38309996,5.38309996,5.38309996,4.651626433,4.651626433,4.651626433,4.588066742,4.708860171,4.708860171,3.710541394,5.426673786,5.06841258,5.06841258,4.194238216,4.431465895,4.41013622,3.707493579,3.97627805,3.97627805,4.460768835,4.426148066,4.426148066,4.131445044,4.131445044,4.131445044,4.131445044,3.819483673,3.819483673,3.819483673,3.409638469,3.409638469,3.409638469,3.178538956,3.178538956,3.178538956,2.884291678,2.884291678,2.884291678,2.637931025
1.070754481,1.086050858,1.152053963,1.118060891,1.118060891,1.162592236,1.145325955,1.145325955,1.111207539,1.106459466,1.106459466,1.106459466,1.081435332,1.073459871,7.779900047,6.186599578,7.055592423,6.912148165,5.901477003,5.901477003,5.38309996,5.38309996,5.38309996,5.38309996,5.38309996,4.651626433,4.651626433,4.651626433,4.588066742,4.708860171,4.708860171,3.710541394,5.426673786,5.06841258,5.06841258,4.194238216,4.431465895,4.41013622,3.707493579,3.97627805,3.97627805,4.460768835,4.426148066,4.426148066,4.131445044,4.131445044,4.131445044,4.131445044,3.819483673,3.819483673,3.819483673,3.409638469,3.409638469,3.409638469,3.178538956,3.178538956,3.178538956,2.884291678,2.884291678,2.884291678,2.637931025
3.724296932,2.894072764,2.235271859,1.801177285,1.801177285,1.549528197,1.542093454,1.542093454,1.563186652,1.436142526,1.436142526,1.436142526,1.383353547,1.336954992,1.33744017,1.354285534,1.280481079,1.306800657,1.327806108,1.327806108,1.301553275,1.301553275,1.301553275,1.301553275,1.301553275,1.228240309,1.228240309,1.228240309,1.248594927,1.217311745,1.217311745,1.169755541,1.107605959,1.075074619,1.075074619,1.092019865,1.080614271,1.065570557,1.06485964,1.027026818,1.027026818,1.039341928,1.025015621,1.025015621,1.021123924,1.021123924,1.021123924,1.021123924,1.013104282,1.013104282,1.013104282,1.008871953,1.008871953,1.008871953,1.005937963,1.005937963,1.005937963,1.006605752,1.006605752,1.006605752,1.007672062
1.367067183,2.894072764,2.235271859,1.801177285,1.801177285,1.549528197,1.542093454,1.542093454,1.563186652,1.436142526,1.436142526,1.436142526,1.383353547,1.336954992,1.33744017,1.354285534,1.280481079,1.306800657,1.327806108,1.327806108,1.301553275,1.301553275,1.301553275,1.301553275,1.301553275,1.228240309,1.228240309,1.228240309,1.248594927,1.217311745,1.217311745,1.169755541,1.107605959,1.075074619,1.075074619,1.092019865,1.080614271,1.065570557,1.06485964,1.027026818,1.027026818,1.039341928,1.025015621,1.025015621,1.021123924,1.021123924,1.021123924,1.021123924,1.013104282,1.013104282,1.013104282,1.008871953,1.008871953,1.008871953,1.005937963,1.005937963,1.005937963,1.006605752,1.006605752,1.006605752,1.007672062
1.220723676,1.294681868,1.232288537,1.316789756,1.316789756,1.280724633,1.285462338,1.285462338,1.286869373,1.330467788,1.330467788,1.330467788,1.256004783,1.227624295,1.240664097,1.28150461,1.289306104,1.344143323,1.419271381,1.419271381,1.435361032,1.435361032,1.435361032,1.435361032,1.435361032,1.376649249,1.376649249,1.376649249,1.444207096,1.493026066,1.493026066,1.520915039,1.668114914,1.796474585,1.796474585,1.658954831,1.530404097,1.47263528,1.528836005,1.45292839,1.45292839,1.411959663,1.352670839,1.352670839,1.345241329,1.345241329,1.345241329,1.345241329,1.344500931,1.344500931,1.344500931,1.257743987,1.257743987,1.257743987,1.247423353,1.247423353,1.247423353,1.285728862,1.285728862,1.285728862,1.263092578
1.106089473,1.132990761,1.149853139,1.178419813,1.178419813,1.185168964,1.179639369,1.179639369,1.170275973,1.218607752,1.218607752,1.218607752,1.139653593,1.123675135,1.122602792,1.171455322,1.155152106,1.195861689,1.162908251,1.162908251,1.155803008,1.155803008,1.155803008,1.155803008,1.155803008,1.120628101,1.120628101,1.120628101,1.147822413,1.187328865,1.187328865,1.251861349,1.486439938,1.546678666,1.546678666,1.796830056,1.722349258,1.609038233,1.620753972,1.421866993,1.421866993,1.379900095,1.231241308,1.231241308,1.241484846,1.241484846,1.241484846,1.241484846,1.307294381,1.307294381,1.307294381,1.29658687,1.29658687,1.29658687,1.321091353,1.321091353,1.321091353,1.333411241,1.333411241,1.333411241,1.374657366
1.063474799,1.080728892,1.118890858,1.135377027,1.135377027,1.196872439,1.167271449,1.167271449,1.139795548,1.176642195,1.176642195,1.176642195,1.12236276,1.116546447,1.128944545,1.162689107,1.130555861,1.144836259,1.11338112,1.11338112,1.118237453,1.118237453,1.118237453,1.118237453,1.118237453,1.140656171,1.140656171,1.140656171,1.1516177,1.206758285,1.206758285,1.252601289,1.417691492,1.49874658,1.49874658,1.606198918,1.935875094,2.230789055,2.384513905,3.741538819,3.741538819,3.587753226,1.213066784,1.213066784,1.200514531,1.200514531,1.200514531,1.200514531,1.203777825,1.203777825,1.203777825,1.159299777,1.159299777,1.159299777,1.142686865,1.142686865,1.142686865,1.173234997,1.173234997,1.173234997,1.182415131
1.854243079,2.221051915,2.18310199,1.373592547,1.373592547,1.357674691,1.318617554,1.318617554,1.331989625,1.204087768,1.204087768,1.204087768,1.166609651,1.143268026,1.176573248,1.220523616,1.154089535,1.140823965,1.136481966,1.136481966,1.14026259,1.14026259,1.14026259,1.14026259,1.14026259,1.107952153,1.107952153,1.107952153,1.0972473,1.085686976,1.085686976,1.07240162,1.042744748,1.030420712,1.030420712,1.030657806,1.025369206,1.021053148,1.023724786,1.008699526,1.008699526,1.012134592,1.007847901,1.007847901,1.007337432,1.007337432,1.007337432,1.007337432,1.003955766,1.003955766,1.003955766,1.002409352,1.002409352,1.002409352,1.001771896,1.001771896,1.001771896,1.00178893,1.00178893,1.00178893,1.00180931
1.290823788,1.273133689,1.241157534,1.304563812,1.304563812,1.265589696,1.259944029,1.259944029,1.185817519,1.212036388,1.212036388,1.212036388,1.223365194,1.243386604,1.304205582,1.331227533,1.233026342,1.251253273,1.252685344,1.252685344,1.222947484,1.222947484,1.222947484,1.222947484,1.222947484,1.31018444,1.31018444,1.31018444,1.332093914,1.388720255,1.388720255,1.324149056,1.2813679,1.339951981,1.339951981,1.480531344,1.429708384,1.546281873,1.765724078,1.78723919,1.78723919,1.992518397,1.925409809,1.925409809,1.781342461,1.781342461,1.781342461,1.781342461,1.84849914,1.84849914,1.84849914,2.13242932,2.13242932,2.13242932,1.92163201,1.92163201,1.92163201,1.97114001,1.97114001,1.97114001,1.458285665
1.957632885,2.051493272,2.086974504,2.294187956,2.294187956,2.622750865,2.677341785,2.677341785,2.820261398,3.303278993,3.303278993,3.303278993,4.450468643,4.93865435,5.489441423,4.513216566,5.409205227,5.785510505,7.93126809,7.93126809,8.898452513,8.898452513,8.898452513,8.898452513,8.898452513,21.37068607,21.37068607,21.37068607,24.43163634,21.80310594,21.80310594,18.83462242,12.9740894,14.75924769,14.75924769,17.10235891,13.50658748,12.10554456,11.89997141,15.22574754,15.22574754,13.8441059,13.33326407,13.33326407,15.64854244,15.64854244,15.64854244,15.64854244,1.03114064,1.03114064,1.03114064,1.019393498,1.019393498,1.019393498,1.013312713,1.013312713,1.013312713,1.013785765,1.013785765,1.013785765,1.012494632
1.957632885,2.051493272,2.086974504,2.294187956,2.294187956,2.622750865,2.677341785,2.677341785,2.820261398,3.303278993,3.303278993,3.303278993,4.450468643,4.93865435,5.489441423,4.513216566,5.409205227,5.785510505,7.93126809,7.93126809,8.898452513,8.898452513,8.898452513,8.898452513,8.898452513,1.049090148,1.049090148,1.049090148,1.042677344,1.048069745,1.048069745,1.056070713,1.083513657,1.072678392,1.072678392,1.062102702,1.079957862,1.090045112,1.09174336,1.070295076,1.070295076,1.077856723,1.081081536,1.081081536,1.068266178,1.068266178,1.068266178,1.068266178,1.03114064,1.03114064,1.03114064,1.019393498,1.019393498,1.019393498,1.013312713,1.013312713,1.013312713,1.013785765,1.013785765,1.013785765,1.012494632
1.177858225,1.153054358,1.11724605,1.124017535,1.124017535,1.115231575,1.100661046,1.100661046,1.084584466,1.100743903,1.100743903,1.100743903,1.098782237,1.098179287,1.103052698,1.121921652,1.109282144,1.129521336,1.117628933,1.117628933,1.114998205,1.114998205,1.114998205,1.114998205,1.114998205,1.144355837,1.144355837,1.144355837,1.167870234,1.206600084,1.206600084,1.218410065,1.259736545,1.245123883,1.245123883,1.36223206,1.407291849,1.472885198,1.554325524,1.569727505,1.569727505,2.221042174,2.203774755,2.203774755,2.295182846,2.295182846,2.295182846,2.295182846,2.54014402,2.54014402,2.54014402,2.309494935,2.309494935,2.309494935,2.490502651,2.490502651,2.490502651,2.314391231,2.314391231,2.314391231,1.896402581
6.622455736,7.533626449,9.529072,9.0633759,9.0633759,9.678176971,10.93432951,10.93432951,12.82250171,10.926159,10.926159,10.926159,11.12327749,11.18544776,10.70377314,9.20198858,10.1506257,8.720735701,9.50130978,9.50130978,9.695787931,9.695787931,9.695787931,9.695787931,9.695787931,7.927326398,7.927326398,7.927326398,6.956982225,5.840269097,5.840269097,5.578543571,4.850055068,5.079569842,5.079569842,3.760661221,3.455241869,3.114678161,2.803994145,2.755225069,2.755225069,2.221042174,2.203774755,2.203774755,2.295182846,2.295182846,2.295182846,2.295182846,2.54014402,2.54014402,2.54014402,2.309494935,2.309494935,2.309494935,2.490502651,2.490502651,2.490502651,2.314391231,2.314391231,2.314391231,1.896402581
1.525717816,1.64737139,1.60460524,1.674250755,1.674250755,1.691941573,1.665662543,1.665662543,1.258481764,1.152543471,1.152543471,1.152543471,1.145465756,1.157366763,1.20735237,1.16071968,1.13345301,1.128416088,1.139076391,1.139076391,1.130842235,1.130842235,1.130842235,1.130842235,1.130842235,1.108152749,1.108152749,1.108152749,1.103587766,1.104902609,1.104902609,1.116230366,1.132147297,1.119619567,1.119619567,1.137430962,1.13311863,1.151131481,1.183953726,1.183393501,1.183393501,1.058276557,1.06413545,1.06413545,1.061580487,1.061580487,1.061580487,1.061580487,1.058685403,1.058685403,1.058685403,1.057919439,1.057919439,1.057919439,1.053232029,1.053232029,1.053232029,1.050299397,1.050299397,1.050299397,1.062812439
2.90216114,2.544708363,2.653971773,2.483127742,2.483127742,2.445208727,2.502262687,2.502262687,1.258481764,1.152543471,1.152543471,1.152543471,1.145465756,1.157366763,1.20735237,1.16071968,1.13345301,1.128416088,1.139076391,1.139076391,1.130842235,1.130842235,1.130842235,1.130842235,1.130842235,1.108152749,1.108152749,1.108152749,1.103587766,1.104902609,1.104902609,1.116230366,1.132147297,1.119619567,1.119619567,1.137430962,1.13311863,1.151131481,1.183953726,1.183393501,1.183393501,1.058276557,1.06413545,1.06413545,1.061580487,1.061580487,1.061580487,1.061580487,1.058685403,1.058685403,1.058685403,1.057919439,1.057919439,1.057919439,1.053232029,1.053232029,1.053232029,1.050299397,1.050299397,1.050299397,1.062812439
1.525717816,1.64737139,1.60460524,1.674250755,1.674250755,1.691941573,1.665662543,1.665662543,1.258481764,1.152543471,1.152543471,1.152543471,1.145465756,1.157366763,1.20735237,1.16071968,1.13345301,1.128416088,1.139076391,1.139076391,1.130842235,1.130842235,1.130842235,1.130842235,1.130842235,1.108152749,1.108152749,1.108152749,1.103587766,1.104902609,1.104902609,1.116230366,1.132147297,1.119619567,1.119619567,1.137430962,1.13311863,1.151131481,1.183953726,1.183393501,1.183393501,1.058276557,1.06413545,1.06413545,1.061580487,1.061580487,1.061580487,1.061580487,1.058685403,1.058685403,1.058685403,1.057919439,1.057919439,1.057919439,1.053232029,1.053232029,1.053232029,1.050299397,1.050299397,1.050299397,1.062812439
1.525717816,1.64737139,1.60460524,1.674250755,1.674250755,1.691941573,1.665662543,1.665662543,1.258481764,1.152543471,1.152543471,1.152543471,1.145465756,1.157366763,1.20735237,1.16071968,1.13345301,1.128416088,1.139076391,1.139076391,1.130842235,1.130842235,1.130842235,1.130842235,1.130842235,1.108152749,1.108152749,1.108152749,1.103587766,1.104902609,1.104902609,1.116230366,1.132147297,1.119619567,1.119619567,1.137430962,1.13311863,1.151131481,1.183953726,1.183393501,1.183393501,1.058276557,1.06413545,1.06413545,1.061580487,1.061580487,1.061580487,1.061580487,1.058685403,1.058685403,1.058685403,1.057919439,1.057919439,1.057919439,1.053232029,1.053232029,1.053232029,1.050299397,1.050299397,1.050299397,1.062812439
1.162999998,1.170382123,1.175024832,1.154128898,1.154128898,1.178579442,1.161573238,1.161573238,1.147048534,1.132478442,1.132478442,1.132478442,1.128662835,1.126161562,1.160740638,1.196885029,1.164676888,1.165651927,1.184535782,1.184535782,1.204362491,1.204362491,1.204362491,1.204362491,1.204362491,1.272073851,1.272073851,1.272073851,1.273354454,1.300905673,1.300905673,1.275896926,1.266527849,1.298384198,1.298384198,3.1818616,3.298255709,3.056635469,2.747317752,3.022141664,3.022141664,2.701305683,2.765734305,2.765734305,2.666340062,2.666340062,2.666340062,2.666340062,2.728654839,2.728654839,2.728654839,2.393703057,2.393703057,2.393703057,2.325041366,2.325041366,2.325041366,2.559433578,2.559433578,2.559433578,2.17805038
7.134969413,6.86916034,6.713474994,7.488075956,7.488075956,6.599748713,7.189143786,7.189143786,7.800475819,8.548397933,8.548397933,8.548397933,8.772252194,8.926344499,7.221202121,6.079106335,7.072497543,7.036754387,6.419003224,6.419003224,5.893265853,5.893265853,5.893265853,5.893265853,5.893265853,4.675472655,4.675472655,4.675472655,4.658253908,4.323300591,4.323300591,4.624542017,4.751953138,4.351383907,4.351383907,3.1818616,3.298255709,3.056635469,2.747317752,3.022141664,3.022141664,2.701305683,2.765734305,2.765734305,2.666340062,2.666340062,2.666340062,2.666340062,2.728654839,2.728654839,2.728654839,2.393703057,2.393703057,2.393703057,2.325041366,2.325041366,2.325041366,2.559433578,2.559433578,2.559433578,2.17805038
1.796477673,1.61610471,1.725183976,1.461392903,1.461392903,1.602209563,1.46565288,1.46565288,1.445109128,1.379270721,1.379270721,1.379270721,1.325549407,1.307196916,1.2983366,1.299685529,1.239598955,1.212708459,1.15692484,1.15692484,1.168680482,1.168680482,1.168680482,1.168680482,1.168680482,1.176796387,1.176796387,1.176796387,1.152492034,1.168253058,1.168253058,1.161086099,1.143238124,1.107140848,1.107140848,1.077669175,1.079324288,1.080470844,1.08694305,1.083014312,1.083014312,1.089086398,1.091347661,1.091347661,1.095788215,1.095788215,1.095788215,1.095788215,1.068577303,1.068577303,1.068577303,1.056431485,1.056431485,1.056431485,1.05489171,1.05489171,1.05489171,1.050335391,1.050335391,1.050335391,1.041455444
1.096931176,1.115017584,1.127019611,1.190171517,1.190171517,1.224518061,1.185001662,1.185001662,1.142349226,1.180435728,1.180435728,1.180435728,1.153588371,1.155647671,1.167428542,1.194711268,1.17566375,1.161885779,1.124405179,1.124405179,1.127783608,1.127783608,1.127783608,1.127783608,1.127783608,1.124501408,1.124501408,1.124501408,1.108727415,1.158377049,1.158377049,1.195614297,1.301553505,1.38483968,1.38483968,1.416723216,1.496390918,2.278559688,2.061635938,1.522635002,1.522635002,1.493650907,1.357516009,1.357516009,1.349491752,1.349491752,1.349491752,1.349491752,1.370707623,1.370707623,1.370707623,1.242737444,1.242737444,1.242737444,1.219958835,1.219958835,1.219958835,1.235249175,1.235249175,1.235249175,1.171499839
2.449295939,2.208820629,2.115902687,1.847330021,1.847330021,1.955480342,1.815750643,1.815750643,1.70574834,1.612406857,1.612406857,1.612406857,1.642241963,1.627029316,1.625195824,1.512305841,1.58008611,1.57538899,1.556340563,1.556340563,1.603648406,1.603648406,1.603648406,1.603648406,1.603648406,1.659292089,1.659292089,1.659292089,1.652846778,1.612494807,1.612494807,1.685645929,1.554874941,1.378590351,1.378590351,1.306434749,1.287659934,1.247400494,1.233044946,1.212149591,1.212149591,1.162722465,1.147977908,1.147977908,1.160945105,1.160945105,1.160945105,1.160945105,1.148854808,1.148854808,1.148854808,1.129505187,1.129505187,1.129505187,1.138264898,1.138264898,1.138264898,1.157396672,1.157396672,1.157396672,1.119560796
1.344109619,1.415261752,1.454429665,1.476698855,1.476698855,1.461853163,1.520516215,1.520516215,1.563561792,1.531763468,1.531763468,1.531763468,1.505834149,1.499994776,1.472793808,1.658148271,1.775870056,1.811626225,1.762684938,1.762684938,1.761019836,1.761019836,1.761019836,1.761019836,1.761019836,1.517811466,1.517811466,1.517811466,1.538432811,1.574229621,1.574229621,1.780807149,1.611925934,1.515053809,1.515053809,1.42258274,1.31571959,1.297389516,1.307715667,1.322709258,1.322709258,1.31578478,1.260223093,1.260223093,1.259317687,1.259317687,1.259317687,1.259317687,1.333905216,1.333905216,1.333905216,1.383473445,1.383473445,1.383473445,1.388798463,1.388798463,1.388798463,1.381930434,1.381930434,1.381930434,1.453795323
1.422416925,1.538034532,1.569468682,1.98506723,1.98506723,2.129301353,2.14634918,2.14634918,2.050354851,2.410056206,2.410056206,2.410056206,2.608215038,2.837428254,2.569524607,2.501903628,2.719597999,2.713329402,2.511199749,2.511199749,2.505192259,2.505192259,2.505192259,2.505192259,2.505192259,2.855311592,2.855311592,2.855311592,2.840020398,3.297832012,3.297832012,3.559206406,1.212561481,1.15526721,1.15526721,1.155645686,1.128888801,1.097631939,1.094966767,1.043067207,1.043067207,1.050428834,1.033825315,1.033825315,1.032127569,1.032127569,1.032127569,1.032127569,1.023709252,1.023709252,1.023709252,1.01613856,1.01613856,1.01613856,1.013047162,1.013047162,1.013047162,1.014578337,1.014578337,1.014578337,1.013334191
5.382512663,4.395009244,3.431144932,3.880446553,3.880446553,3.324619862,3.199516187,3.199516187,2.974175637,3.540023224,3.540023224,3.540023224,3.669760242,3.737719055,3.441772414,2.693571427,2.523108201,2.68274857,2.649683068,2.649683068,2.45462545,2.45462545,2.45462545,2.45462545,2.45462545,2.874736061,2.874736061,2.874736061,3.074721029,3.019879901,3.019879901,2.580725063,1.919877944,1.732486022,1.732486022,1.620629289,1.534523787,1.506091195,1.500377474,1.5771945,1.5771945,1.615574197,1.533234115,1.533234115,1.469421545,1.469421545,1.469421545,1.469421545,1.572813958,1.572813958,1.572813958,1.620182748,1.620182748,1.620182748,1.535972263,1.535972263,1.535972263,1.627493617,1.627493617,1.627493617,1.801342352
1.443890646,1.499473046,1.560229737,1.773602432,1.773602432,1.963801064,1.93292829,1.93292829,1.960271185,2.301130253,2.301130253,2.301130253,2.683057651,2.893055947,2.618005984,2.584271772,1.400157086,1.399875153,1.464325678,1.464325678,1.427985889,1.427985889,1.427985889,1.427985889,1.427985889,1.349081534,1.349081534,1.349081534,1.349637421,1.304549311,1.304549311,1.200853755,1.110358845,1.099933875,1.099933875,1.123142608,1.103003887,1.092238501,1.097434684,1.049997617,1.049997617,1.057710996,1.042662985,1.042662985,1.036978819,1.036978819,1.036978819,1.036978819,1.02915571,1.02915571,1.02915571,1.023291374,1.023291374,1.023291374,1.016963463,1.016963463,1.016963463,1.014372976,1.014372976,1.014372976,1.018188895
1.443890646,1.499473046,1.560229737,1.773602432,1.773602432,1.963801064,1.93292829,1.93292829,1.960271185,2.301130253,2.301130253,2.301130253,2.683057651,2.893055947,2.618005984,2.584271772,3.499018596,3.500780537,3.153660774,3.153660774,3.336525632,3.336525632,3.336525632,3.336525632,3.336525632,3.864660263,3.864660263,3.864660263,3.860105755,4.283540512,4.283540512,5.978746838,10.06134895,11.00661684,11.00661684,9.120666087,10.70837151,11.84145982,11.26328574,1.049997617,1.049997617,1.057710996,1.042662985,1.042662985,1.036978819,1.036978819,1.036978819,1.036978819,1.02915571,1.02915571,1.02915571,1.023291374,1.023291374,1.023291374,1.016963463,1.016963463,1.016963463,1.014372976,1.014372976,1.014372976,1.018188895
1.292513879,1.393053167,1.862148796,1.984563259,1.984563259,1.553505572,1.555259826,1.555259826,1.622402525,1.529425061,1.529425061,1.529425061,1.429476858,1.360854614,1.300628299,1.308499664,1.252953788,1.28112792,1.305901179,1.305901179,1.273771365,1.273771365,1.273771365,1.273771365,1.273771365,1.159168364,1.159168364,1.159168364,1.173235067,1.165241201,1.165241201,1.118055962,1.08951606,1.067105455,1.067105455,1.100127417,1.093554546,1.085590768,1.075216349,1.035376184,1.035376184,1.060310175,1.038352281,1.038352281,1.031106689,1.031106689,1.031106689,1.031106689,1.017749446,1.017749446,1.017749446,1.013773529,1.013773529,1.013773529,1.008847153,1.008847153,1.008847153,1.008868395,1.008868395,1.008868395,1.011329359
1.292513879,1.393053167,2.159892589,2.01567877,2.01567877,1.553505572,1.555259826,1.555259826,1.622402525,1.529425061,1.529425061,1.529425061,1.429476858,1.360854614,1.300628299,1.308499664,1.252953788,1.28112792,1.305901179,1.305901179,1.273771365,1.273771365,1.273771365,1.273771365,1.273771365,1.159168364,1.159168364,1.159168364,1.173235067,1.165241201,1.165241201,1.118055962,1.08951606,1.067105455,1.067105455,1.100127417,1.093554546,1.085590768,1.075216349,1.035376184,1.035376184,1.060310175,1.038352281,1.038352281,1.031106689,1.031106689,1.031106689,1.031106689,1.017749446,1.017749446,1.017749446,1.013773529,1.013773529,1.013773529,1.008847153,1.008847153,1.008847153,1.008868395,1.008868395,1.008868395,1.011329359
1.284804103,1.356977062,1.368755542,1.516860363,1.516860363,1.590139343,1.555152212,1.555152212,1.595066773,1.643520399,1.643520399,1.643520399,1.64789939,1.67063932,1.623115008,1.721640765,1.731094933,1.614046854,1.557258032,1.557258032,1.610299374,1.610299374,1.610299374,1.610299374,1.610299374,1.580250993,1.580250993,1.580250993,1.474199604,1.609017781,1.609017781,1.604896897,1.97426496,1.713336589,1.713336589,1.6358281,1.59981882,1.422295933,1.403046914,1.255512146,1.255512146,1.218906066,1.180996689,1.180996689,1.1651243,1.1651243,1.1651243,1.1651243,1.16361712,1.16361712,1.16361712,1.112061276,1.112061276,1.112061276,1.091817733,1.091817733,1.091817733,1.122637307,1.122637307,1.122637307,1.104405174
1.22303315,1.191179204,1.20157976,1.212240262,1.212240262,1.200418503,1.179627156,1.179627156,1.145622452,1.203676112,1.203676112,1.203676112,1.230306695,1.228819404,1.304167065,1.349734337,1.558994448,1.62645349,1.571542351,1.571542351,1.573475281,1.573475281,1.573475281,1.573475281,1.573475281,1.529267357,1.529267357,1.529267357,1.576596233,1.588550605,1.588550605,2.32724765,2.244398304,1.988336864,1.988336864,1.833306738,1.837445265,1.810157412,1.897752877,1.980644005,1.980644005,2.060308178,1.922398267,1.922398267,1.917270646,1.917270646,1.917270646,1.917270646,1.858800202,1.858800202,1.858800202,1.858719176,1.858719176,1.858719176,1.86852988,1.86852988,1.86852988,3.030077409,3.030077409,3.030077409,3.149340354
5.483638425,6.230694437,5.960815508,5.711641378,5.711641378,5.989559262,6.567086982,6.567086982,7.867072954,5.909755925,5.909755925,5.909755925,5.342036164,5.370258735,4.287666922,3.859313181,2.788926534,2.5962877,2.74965162,2.74965162,2.743754323,2.743754323,2.743754323,2.743754323,2.743754323,2.889404264,2.889404264,2.889404264,2.734315873,2.69908924,2.69908924,1.753438893,1.803601224,2.01180077,2.01180077,2.200038299,2.194107892,2.234328027,2.113892282,2.019738045,2.019738045,1.943122029,2.084130398,2.084130398,2.090190778,2.090190778,2.090190778,2.090190778,2.164415189,2.164415189,2.164415189,2.164525059,2.164525059,2.164525059,2.151370866,2.151370866,2.151370866,1.492592054,1.492592054,1.492592054,1.465259026
1.22303315,1.191179204,1.20157976,1.212240262,1.212240262,1.200418503,1.179627156,1.179627156,1.145622452,1.203676112,1.203676112,1.203676112,1.230306695,1.228819404,1.304167065,1.349734337,1.558994448,1.62645349,1.571542351,1.571542351,1.573475281,1.573475281,1.573475281,1.573475281,1.573475281,1.529267357,1.529267357,1.529267357,1.576596233,1.588550605,1.588550605,1.753438893,1.803601224,2.01180077,2.01180077,2.200038299,2.194107892,2.234328027,2.113892282,2.019738045,2.019738045,1.943122029,2.084130398,2.084130398,2.090190778,2.090190778,2.090190778,2.090190778,2.164415189,2.164415189,2.164415189,2.164525059,2.164525059,2.164525059,2.151370866,2.151370866,2.151370866,1.492592054,1.492592054,1.492592054,1.465259026
1.22303315,1.191179204,1.20157976,1.212240262,1.212240262,1.200418503,1.179627156,1.179627156,1.145622452,1.203676112,1.203676112,1.203676112,1.230306695,1.228819404,1.304167065,1.349734337,1.558994448,1.62645349,1.571542351,1.571542351,1.573475281,1.573475281,1.573475281,1.573475281,1.573475281,1.529267357,1.529267357,1.529267357,1.576596233,1.588550605,1.588550605,2.32724765,2.244398304,1.988336864,1.988336864,1.833306738,1.837445265,1.810157412,1.897752877,1.980644005,1.980644005,2.060308178,1.922398267,1.922398267,1.917270646,1.917270646,1.917270646,1.917270646,1.858800202,1.858800202,1.858800202,1.858719176,1.858719176,1.858719176,1.86852988,1.86852988,1.86852988,1.492592054,1.492592054,1.492592054,1.465259026
1.673473485,1.814169788,2.040996197,1.917316601,1.917316601,2.015462973,1.933085431,1.933085431,1.916378823,1.835011494,1.835011494,1.835011494,1.499676033,1.407127637,1.413204461,1.448341693,1.469559222,1.457078257,1.394337288,1.394337288,1.411832377,1.411832377,1.411832377,1.411832377,1.411832377,1.203397469,1.203397469,1.203397469,1.190344556,1.193044571,1.193044571,1.277955918,1.330591655,1.28191977,1.28191977,1.235222059,1.320595281,1.313018139,1.257642241,1.299345123,1.299345123,1.217347259,1.281364041,1.281364041,1.29947624,1.29947624,1.29947624,1.29947624,1.211502288,1.211502288,1.211502288,1.164778044,1.164778044,1.164778044,1.167608971,1.167608971,1.167608971,1.165837852,1.165837852,1.165837852,1.091681156
1.673473485,1.814169788,2.040996197,1.917316601,1.917316601,2.015462973,1.933085431,1.933085431,1.916378823,1.835011494,1.835011494,1.835011494,1.499676033,1.407127637,1.413204461,1.448341693,1.469559222,1.457078257,1.394337288,1.394337288,1.411832377,1.411832377,1.411832377,1.411832377,1.411832377,1.203397469,1.203397469,1.203397469,1.190344556,1.193044571,1.193044571,1.277955918,1.330591655,1.28191977,1.28191977,1.235222059,1.320595281,1.313018139,1.257642241,1.299345123,1.299345123,1.217347259,1.281364041,1.281364041,1.29947624,1.29947624,1.29947624,1.29947624,1.211502288,1.211502288,1.211502288,1.164778044,1.164778044,1.164778044,1.167608971,1.167608971,1.167608971,1.165837852,1.165837852,1.165837852,1.091681156
2.045306529,1.79530928,1.543332029,1.447243695,1.447243695,1.492452282,1.367909675,1.367909675,1.288840705,1.2608182,1.2608182,1.2608182,1.28324659,1.276240286,1.269148735,1.198919878,1.206664186,1.207434268,1.206383014,1.206383014,1.233056513,1.233056513,1.233056513,1.233056513,1.233056513,1.322891908,1.322891908,1.322891908,1.320817274,1.333066762,1.333066762,1.310332446,1.218114142,1.139696163,1.139696163,1.13708087,1.117576597,1.111394428,1.108610249,1.106199725,1.106199725,1.092675587,1.077546118,1.077546118,1.085327214,1.085327214,1.085327214,1.085327214,1.080741339,1.080741339,1.080741339,1.088702461,1.088702461,1.088702461,1.096347021,1.096347021,1.096347021,1.099735184,1.099735184,1.099735184,1.096648122
1.641253694,1.491990264,1.230622404,1.184410026,1.184410026,1.159063215,1.112505963,1.112505963,1.088934235,1.078767552,1.078767552,1.078767552,1.066816509,1.054456133,1.062710381,1.048832586,1.047923852,1.054433362,1.07102175,1.07102175,1.08329201,1.08329201,1.08329201,1.08329201,1.08329201,1.096314933,1.096314933,1.096314933,1.107191035,1.10603481,1.10603481,1.091866408,1.042680783,1.024339404,1.024339404,1.039804201,1.031924331,1.028493957,1.025246191,1.017378056,1.017378056,1.019031738,1.012396216,1.012396216,1.013334544,1.013334544,1.013334544,1.013334544,1.010981832,1.010981832,1.010981832,1.013337047,1.013337047,1.013337047,1.013106082,1.013106082,1.013106082,1.013737473,1.013737473,1.013737473,1.015524749
1.125709399,1.143784056,1.149365163,1.129735124,1.129735124,1.145679266,1.132561161,1.132561161,1.126046566,1.12513714,1.12513714,1.12513714,1.103602218,1.091100365,1.127944228,1.158937815,1.161178508,1.183374021,1.231912466,1.231912466,1.266222589,1.266222589,1.266222589,1.266222589,1.266222589,1.302900259,1.302900259,1.302900259,1.344371877,1.346227926,1.346227926,1.408941662,1.349499621,1.348597251,1.348597251,1.586057306,1.612154411,1.5944791,1.601763075,1.515067821,1.515067821,1.558639868,1.547614094,1.547614094,1.606773931,1.606773931,1.606773931,1.606773931,1.599135675,1.599135675,1.599135675,1.716282402,1.716282402,1.716282402,1.792194192,1.792194192,1.792194192,1.802782954,1.802782954,1.802782954,1.819420215
1.125709399,1.143784056,1.149365163,1.129735124,1.129735124,1.145679266,1.132561161,1.132561161,1.126046566,1.12513714,1.12513714,1.12513714,1.103602218,1.091100365,1.127944228,1.158937815,1.161178508,1.183374021,1.231912466,1.231912466,1.266222589,1.266222589,1.266222589,1.266222589,1.266222589,1.302900259,1.302900259,1.302900259,1.344371877,1.346227926,1.346227926,1.408941662,1.349499621,1.348597251,1.348597251,1.586057306,1.612154411,1.5944791,1.601763075,1.515067821,1.515067821,1.558639868,1.547614094,1.547614094,1.606773931,1.606773931,1.606773931,1.606773931,1.599135675,1.599135675,1.599135675,1.716282402,1.716282402,1.716282402,1.792194192,1.792194192,1.792194192,1.802782954,1.802782954,1.802782954,1.819420215
1.556496058,1.623082646,2.004066879,1.968579757,1.968579757,2.047466292,2.214606829,2.214606829,2.308757996,2.290615972,2.290615972,2.290615972,2.372811101,2.471509839,2.802038716,3.398963868,3.25300394,3.044621224,2.973602251,2.973602251,2.88156255,2.88156255,2.88156255,2.88156255,2.88156255,2.769998797,2.769998797,2.769998797,2.615454205,2.576060058,2.576060058,2.785988379,3.005756205,3.762617745,3.762617745,3.474988777,3.39192989,3.545731585,4.076824656,3.807221961,3.807221961,4.120819488,4.207725767,4.207725767,4.078522989,4.078522989,4.078522989,4.078522989,4.194127612,4.194127612,4.194127612,3.980645506,3.980645506,3.980645506,3.897942293,3.897942293,3.897942293,4.119704647,4.119704647,4.119704647,4.63837996
2.891799416,2.588421616,2.855664239,2.605165757,2.605165757,2.771020532,2.613226059,2.613226059,2.458237973,2.57054297,2.57054297,2.57054297,2.446062817,2.444556123,2.390550225,2.184389187,2.066732938,2.080276427,1.880695024,1.880695024,1.831850318,1.831850318,1.831850318,1.831850318,1.831850318,1.90415589,1.90415589,1.90415589,1.908507496,1.901486742,1.901486742,1.924062941,1.740210106,1.585800913,1.585800913,1.393658456,1.407287303,1.380043662,1.389966934,1.453214748,1.453214748,1.397961822,1.430907333,1.430907333,1.414526729,1.414526729,1.414526729,1.414526729,1.41080057,1.41080057,1.41080057,1.348140454,1.348140454,1.348140454,1.325166296,1.325166296,1.325166296,1.367958417,1.367958417,1.367958417,1.317669137
1.223530555,1.272504718,2.126242592,2.640720078,2.640720078,2.099235741,1.981405538,1.981405538,1.786000695,1.797189879,1.797189879,1.797189879,2.088916233,2.120019917,1.793591185,1.442020314,1.589571986,1.687041701,1.910485383,1.910485383,1.943544574,1.943544574,1.943544574,1.943544574,1.943544574,2.20634102,2.20634102,2.20634102,2.423453831,2.409090848,2.409090848,2.044054617,1.858552602,1.579750482,1.579750482,1.853985117,1.696670883,1.654054385,1.506934614,1.510497408,1.510497408,1.431302364,1.3115296,1.3115296,1.316721711,1.316721711,1.316721711,1.316721711,1.370376463,1.370376463,1.370376463,1.509778226,1.509778226,1.509778226,1.53124854,1.53124854,1.53124854,1.529480684,1.529480684,1.529480684,1.63922923
1.983100998,1.77203947,1.801039333,1.409082284,1.409082284,1.459613032,1.399270059,1.399270059,1.35514314,1.226284474,1.226284474,1.226284474,1.215431316,1.197547551,1.228877469,1.238832607,1.23277851,1.22159659,1.218887797,1.218887797,1.241677455,1.241677455,1.241677455,1.241677455,1.241677455,1.213013282,1.213013282,1.213013282,1.202139305,1.177359348,1.177359348,1.197262976,1.154145279,1.100793048,1.100793048,1.091654367,1.083653135,1.066746044,1.068011976,1.035520293,1.035520293,1.030612515,1.023878451,1.023878451,1.025335932,1.025335932,1.025335932,1.025335932,1.016815039,1.016815039,1.016815039,1.011134517,1.011134517,1.011134517,1.010334806,1.010334806,1.010334806,1.011435401,1.011435401,1.011435401,1.008578866
1.743119637,1.711709387,2.143634976,2.113539725,2.113539725,2.110132143,2.350872187,2.350872187,2.293405767,2.282747829,2.282747829,2.282747829,2.482453319,2.763750521,2.971666705,3.68417118,2.919709367,2.785074079,2.429494642,2.429494642,2.171893487,2.171893487,2.171893487,2.171893487,2.171893487,2.25673252,2.25673252,2.25673252,2.178133363,2.240971235,2.240971235,2.155538225,2.49355012,3.161348823,3.161348823,2.809386211,2.794763462,3.079393435,4.034192157,3.670273498,3.670273498,4.345279017,4.584453685,4.584453685,3.93289729,3.93289729,3.93289729,3.93289729,3.830294253,3.830294253,3.830294253,3.376662038,3.376662038,3.376662038,2.841676461,2.841676461,2.841676461,2.954629422,2.954629422,2.954629422,4.109201528
1.608169227,2.098825868,2.11041647,1.768949815,1.768949815,1.981796472,1.775741546,1.775741546,1.723300495,1.671103629,1.671103629,1.671103629,1.756120564,1.810165909,1.681533412,1.575283112,1.454816471,1.419126698,1.303448322,1.303448322,1.311134913,1.311134913,1.311134913,1.311134913,1.311134913,1.4905219,1.4905219,1.4905219,1.448743557,1.497405143,1.497405143,1.387843775,1.338023618,1.248100247,1.248100247,1.168520468,1.157381824,1.157540855,1.179290746,1.185739932,1.185739932,1.20605727,1.204684153,1.204684153,1.20713575,1.20713575,1.20713575,1.20713575,1.182122582,1.182122582,1.182122582,1.16121712,1.16121712,1.16121712,1.155945865,1.155945865,1.155945865,1.142565438,1.142565438,1.142565438,1.139119643
1.2237162,1.228014467,1.24451749,1.221630393,1.221630393,1.223974845,1.222283338,1.222283338,1.243471572,1.218072876,1.218072876,1.218072876,1.21393161,1.210707065,1.188343866,4.390458436,3.825649785,4.008579139,4.990142835,4.990142835,4.85582739,4.85582739,4.85582739,4.85582739,4.85582739,7.442111694,7.442111694,7.442111694,8.101802231,6.93568796,6.93568796,4.878931105,2.572700025,2.45851108,2.45851108,2.40317537,2.047757051,1.898448209,1.863626473,1.957853772,1.957853772,1.753589344,1.663107427,1.663107427,1.655428902,1.655428902,1.655428902,1.655428902,2.146044278,2.146044278,2.146044278,2.431053182,2.431053182,2.431053182,2.496998479,2.496998479,2.496998479,2.356886041,2.356886041,2.356886041,2.595626611
2.107342766,2.410879828,3.080789106,3.326428252,3.326428252,3.130901042,3.952188946,3.952188946,4.458370984,4.850603749,4.850603749,4.850603749,4.754914619,4.915300416,5.61011377,6.666616252,6.22232596,6.848824518,7.98523434,7.98523434,7.101199014,7.101199014,7.101199014,7.101199014,7.101199014,7.031770382,7.031770382,7.031770382,8.015596224,7.007309813,7.007309813,6.922602245,7.079470868,1.112931677,1.112931677,1.098585452,1.092194336,1.100896493,1.095825465,1.107531715,1.107531715,1.104896742,1.094164737,1.094164737,1.10467767,1.10467767,1.10467767,1.10467767,1.079952104,1.079952104,1.079952104,1.08669637,1.08669637,1.08669637,1.095323726,1.095323726,1.095323726,1.092820397,1.092820397,1.092820397,1.084191281
1.142778562,1.228487991,1.47581855,1.413847961,1.413847961,1.518990893,1.582963579,1.582963579,1.578480068,1.503933307,1.503933307,1.503933307,1.347650471,1.304044508,1.521443147,1.785036768,1.787269134,1.758179,1.927703442,1.927703442,2.002837982,2.002837982,2.002837982,2.002837982,2.002837982,1.669531849,1.669531849,1.669531849,1.64321143,1.574762484,1.574762484,1.886082375,1.869179104,2.184984354,2.184984354,2.403908968,2.572851138,2.536899581,2.608431483,2.434181677,2.434181677,2.08850505,2.283641813,2.283641813,2.408020932,2.408020932,2.408020932,2.408020932,2.417713012,2.417713012,2.417713012,2.34557734,2.34557734,2.34557734,2.509709884,2.509709884,2.509709884,2.547838552,2.547838552,2.547838552,2.244488802
1.3822983,1.502786187,1.492705772,2.174406577,2.174406577,2.088154776,1.967469402,1.967469402,2.314174147,1.29405735,1.29405735,1.29405735,1.415916933,1.477198035,1.502043312,1.513236488,1.414912329,1.396302347,1.427396832,1.427396832,1.422895427,1.422895427,1.422895427,1.422895427,1.422895427,1.474731327,1.474731327,1.474731327,1.479468954,1.368579383,1.368579383,1.287343994,1.336482844,1.247513519,1.247513519,1.257376536,1.219699422,1.158400514,1.190759382,1.058432265,1.058432265,1.035082821,1.026364383,1.026364383,1.025423627,1.025423627,1.025423627,1.025423627,1.017187612,1.017187612,1.017187612,1.008411511,1.008411511,1.008411511,1.00662551,1.00662551,1.00662551,1.005775454,1.005775454,1.005775454,1.00513271
1.41005117,1.407033648,1.536577072,1.536172731,1.536172731,1.571256881,1.600376833,1.600376833,1.526948094,1.469859542,1.469859542,1.469859542,1.587828825,1.676424585,1.790530059,2.012429639,1.953378403,1.800579541,1.692878235,1.692878235,1.667186961,1.667186961,1.667186961,1.667186961,1.667186961,1.654689895,1.654689895,1.654689895,1.544587638,1.595663257,1.595663257,1.679258893,1.898445336,2.163532032,2.163532032,2.026675693,1.92108788,2.120197915,2.517144211,2.391769877,2.391769877,2.515394768,2.438090289,2.438090289,2.367631665,2.367631665,2.367631665,2.367631665,2.24044926,2.24044926,2.24044926,2.229379959,2.229379959,2.229379959,2.170676075,2.170676075,2.170676075,2.29700418,2.29700418,2.29700418,2.869784729
