station_name,station_lat,station_long,average_ridership,census_tract,percent_minority,percent_employed,total_pop,total_num_jobs,income_per_cap,percent_poverty,percent_transit,percent_walk,average_pop,average_num_jobs,mean_commute,bus_dist,rail_dist,trolley_dist,high_speed_dist,bus_lat,rail_lat,trolley_lat,high_speed_lat,bus_long,rail_long,trolley_long,high_speed_long,state,county,men,women,hispanic,white,black,native,asian,pacific,citizen,income,income_err,income_per_cap_err,child_poverty,professional,service,office,construction,production,drive,carpool,other_transp,work_at_home,employed,private_work,public_work,self_employed,family_work,unemployment,C000,CA01,CA02,CA03,CE01,CE02,CE03,CNS01,CNS02,CNS03,CNS04,CNS05,CNS06,CNS07,CNS08,CNS09,CNS10,CNS11,CNS12,CNS13,CNS14,CNS15,CNS16,CNS17,CNS18,CNS19,CNS20,CR01,CR02,CR03,CR04,CR05,CR07,CT01,CT02,CD01,CD02,CD03,CD04,CS01,CS02,CFA01,CFA02,CFA03,CFA04,CFA05,CFS01,CFS02,CFS03,CFS04,CFS05
3046,39.950119,-75.144722,58.97979798,42101000100,0.266,0.778824834,3608,12209,79293,0.12,0.341,0.214,16.4,3052.25,25.9,0.070005674,1.196852994,1.543935929,0.086305889,39.950183,39.9526408,39.952532,39.949889,-75.145539,-75.15837203,-75.162559,-75.143755,Pennsylvania,Philadelphia,1637,1971,5.1,73.4,10,0.2,8.8,0,3193,92207,16328,19782,0,72.7,5.7,19.5,0.4,1.7,35.9,2.4,2.6,3.7,2810,86.4,9.7,3.9,0,2.4,12209,3102,6625,2482,2097,3294,6818,0,0,0,55,34,233,379,183,1429,2739,82,1551,156,864,249,824,286,2255,889,1,8405,2818,38,729,11,208,11187,1022,869,1986,2678,3574,5910,6299,0,0,0,0,0,0,0,0,0,0
3019,39.954029,-75.149834,24.28282828,42101000100,0.266,0.778824834,3608,12209,79293,0.12,0.341,0.214,16.4,3052.25,25.9,0.134903684,0.743958362,1.097358596,0.316466309,39.952816,39.9526408,39.952532,39.955384,-75.149804,-75.15837203,-75.162559,-75.153099,Pennsylvania,Philadelphia,1637,1971,5.1,73.4,10,0.2,8.8,0,3193,92207,16328,19782,0,72.7,5.7,19.5,0.4,1.7,35.9,2.4,2.6,3.7,2810,86.4,9.7,3.9,0,2.4,12209,3102,6625,2482,2097,3294,6818,0,0,0,55,34,233,379,183,1429,2739,82,1551,156,864,249,824,286,2255,889,1,8405,2818,38,729,11,208,11187,1022,869,1986,2678,3574,5910,6299,0,0,0,0,0,0,0,0,0,0
3047,39.95071,-75.149208,70.27272727,42101000100,0.266,0.778824834,3608,12209,79293,0.12,0.341,0.214,16.4,3052.25,25.9,0.023640307,0.810113566,1.155939633,0.031112624,39.950521,39.9526408,39.952532,39.950554,-75.149081,-75.15837203,-75.162559,-75.148905,Pennsylvania,Philadelphia,1637,1971,5.1,73.4,10,0.2,8.8,0,3193,92207,16328,19782,0,72.7,5.7,19.5,0.4,1.7,35.9,2.4,2.6,3.7,2810,86.4,9.7,3.9,0,2.4,12209,3102,6625,2482,2097,3294,6818,0,0,0,55,34,233,379,183,1429,2739,82,1551,156,864,249,824,286,2255,889,1,8405,2818,38,729,11,208,11187,1022,869,1986,2678,3574,5910,6299,0,0,0,0,0,0,0,0,0,0
3169,39.953819,-75.142632,33.96969697,42101000100,0.266,0.778824834,3608,12209,79293,0.12,0.341,0.214,16.4,3052.25,25.9,0.028855726,1.348038904,1.40876409,0.447357581,39.953908,39.9526408,39.964858,39.949889,-75.14295,-75.15837203,-75.134521,-75.143755,Pennsylvania,Philadelphia,1637,1971,5.1,73.4,10,0.2,8.8,0,3193,92207,16328,19782,0,72.7,5.7,19.5,0.4,1.7,35.9,2.4,2.6,3.7,2810,86.4,9.7,3.9,0,2.4,12209,3102,6625,2482,2097,3294,6818,0,0,0,55,34,233,379,183,1429,2739,82,1551,156,864,249,824,286,2255,889,1,8405,2818,38,729,11,208,11187,1022,869,1986,2678,3574,5910,6299,0,0,0,0,0,0,0,0,0,0
3075,39.967178,-75.161247,33.03030303,42101013300,0.605,0.51212634,3546,1714,33018,0.357,0.222,0.258,55.40625,857,26.4,0.068555014,1.559414592,0.493126428,0.070683475,39.966754,39.95399019,39.971428,39.966982,-75.160663,-75.16747097,-75.159594,-75.160458,Pennsylvania,Philadelphia,1932,1614,11.8,39.5,38.8,0,7.2,0,2913,53227,4521,5884,37.6,64.4,11.9,16.7,3.9,3,30.8,3.3,13,4.9,1816,85.2,13.8,0.9,0,12.9,1714,395,932,387,282,686,746,0,0,0,0,0,19,19,0,2,7,12,8,58,55,310,964,1,238,21,0,808,777,8,73,1,47,1508,206,166,310,421,422,523,1191,0,0,0,0,0,0,0,0,0,0
3059,39.96265,-75.161743,45.71717172,42101013300,0.605,0.51212634,3546,1714,33018,0.357,0.222,0.258,55.40625,857,26.4,0.022642563,1.079617981,0.993101877,0.0356834,39.962579,39.95399019,39.971428,39.962436,-75.161494,-75.16747097,-75.159594,-75.161431,Pennsylvania,Philadelphia,1932,1614,11.8,39.5,38.8,0,7.2,0,2913,53227,4521,5884,37.6,64.4,11.9,16.7,3.9,3,30.8,3.3,13,4.9,1816,85.2,13.8,0.9,0,12.9,1714,395,932,387,282,686,746,0,0,0,0,0,19,19,0,2,7,12,8,58,55,310,964,1,238,21,0,808,777,8,73,1,47,1508,206,166,310,421,422,523,1191,0,0,0,0,0,0,0,0,0,0
3066,39.94561,-75.173477,64.08080808,42101001202,0.206,0.718613069,5249,4071,68089,0.112,0.141,0.412,28.52717391,1017.75,25.1,0.019538668,1.063216882,0.865214151,0.708937288,39.945727,39.95399019,39.953268,39.944086,-75.173306,-75.16747097,-75.171679,-75.165402,Pennsylvania,Philadelphia,2494,2755,9.6,79.4,6.2,0,4.3,0,4461,71436,7913,8851,0,73,11.9,12.9,0.6,1.6,22.1,2.5,6.9,13.2,3772,85.2,7.1,7.4,0.4,1.3,4071,988,2298,785,1071,1274,1726,0,0,0,8,1,9,98,0,75,46,84,351,21,96,1334,1112,75,562,199,0,2600,1196,8,189,4,74,3846,225,307,726,845,1205,1636,2435,0,0,0,0,0,0,0,0,0,0
3063,39.946331,-75.1698,58.22222222,42101001202,0.206,0.718613069,5249,4071,68089,0.112,0.141,0.412,28.52717391,1017.75,25.1,0.018371939,0.874496989,0.77840912,0.450426298,39.946264,39.95399019,39.952484,39.944086,-75.169997,-75.16747097,-75.165445,-75.165402,Pennsylvania,Philadelphia,2494,2755,9.6,79.4,6.2,0,4.3,0,4461,71436,7913,8851,0,73,11.9,12.9,0.6,1.6,22.1,2.5,6.9,13.2,3772,85.2,7.1,7.4,0.4,1.3,4071,988,2298,785,1071,1274,1726,0,0,0,8,1,9,98,0,75,46,84,351,21,96,1334,1112,75,562,199,0,2600,1196,8,189,4,74,3846,225,307,726,845,1205,1636,2435,0,0,0,0,0,0,0,0,0,0
3010,39.947109,-75.166183,126.7777778,42101001202,0.206,0.718613069,5249,4071,68089,0.112,0.141,0.412,28.52717391,1017.75,25.1,0.019216021,0.772989901,0.600974425,0.242606543,39.947238,39.95399019,39.952484,39.948799,-75.166333,-75.16747097,-75.165445,-75.164383,Pennsylvania,Philadelphia,2494,2755,9.6,79.4,6.2,0,4.3,0,4461,71436,7913,8851,0,73,11.9,12.9,0.6,1.6,22.1,2.5,6.9,13.2,3772,85.2,7.1,7.4,0.4,1.3,4071,988,2298,785,1071,1274,1726,0,0,0,8,1,9,98,0,75,46,84,351,21,96,1334,1112,75,562,199,0,2600,1196,8,189,4,74,3846,225,307,726,845,1205,1636,2435,0,0,0,0,0,0,0,0,0,0
3125,39.943909,-75.167351,61.58585859,42101001202,0.206,0.718613069,5249,4071,68089,0.112,0.141,0.412,28.52717391,1017.75,25.1,0.012746841,1.12102383,0.967240531,0.167314001,39.943804,39.95399019,39.952484,39.944086,-75.167291,-75.16747097,-75.165445,-75.165402,Pennsylvania,Philadelphia,2494,2755,9.6,79.4,6.2,0,4.3,0,4461,71436,7913,8851,0,73,11.9,12.9,0.6,1.6,22.1,2.5,6.9,13.2,3772,85.2,7.1,7.4,0.4,1.3,4071,988,2298,785,1071,1274,1726,0,0,0,8,1,9,98,0,75,46,84,351,21,96,1334,1112,75,562,199,0,2600,1196,8,189,4,74,3846,225,307,726,845,1205,1636,2435,0,0,0,0,0,0,0,0,0,0
3064,39.9384,-75.173271,53.96969697,42101002100,0.768,0.534294452,2289,260,26905,0.201,0.407,0.119,57.225,130,34.5,0.024144996,1.790067348,1.658807196,0.578262086,39.938614,39.94819754,39.953268,39.936194,-75.173319,-75.18993212,-75.171679,-75.167129,Pennsylvania,Philadelphia,1201,1088,2.6,23.2,71.8,0,1.2,0,1913,49229,3919,3961,52.7,34.7,30.3,25.1,2.1,7.8,31.4,0.7,2.8,12.4,1223,81.4,12.3,6.4,0,15.2,260,80,140,40,59,90,111,0,0,0,52,0,36,16,0,0,0,0,9,14,0,0,30,0,56,47,0,178,55,0,20,0,7,225,35,31,53,46,50,169,91,0,0,0,0,0,0,0,0,0,0
3114,39.937752,-75.180122,40.95959596,42101002100,0.768,0.534294452,2289,260,26905,0.201,0.407,0.119,57.225,130,34.5,0.002311027,1.431259101,1.819757532,1.121232595,39.937771,39.94819754,39.953917,39.936194,-75.180111,-75.18993212,-75.176791,-75.167129,Pennsylvania,Philadelphia,1201,1088,2.6,23.2,71.8,0,1.2,0,1913,49229,3919,3961,52.7,34.7,30.3,25.1,2.1,7.8,31.4,0.7,2.8,12.4,1223,81.4,12.3,6.4,0,15.2,260,80,140,40,59,90,111,0,0,0,52,0,36,16,0,0,0,0,9,14,0,0,30,0,56,47,0,178,55,0,20,0,7,225,35,31,53,46,50,169,91,0,0,0,0,0,0,0,0,0,0
3155,39.940182,-75.154419,40.77777778,42101001800,0.328,0.67654398,3206,761,47728,0.076,0.157,0.292,47.14705882,380.5,22.4,0.013989101,1.425751667,1.538619237,1.03206374,39.940233,39.9526408,39.952532,39.944086,-75.154269,-75.15837203,-75.162559,-75.165402,Pennsylvania,Philadelphia,1614,1592,6.3,67.2,14.9,0,7.5,0,2605,76750,19494,5035,16,61.6,12.7,17.9,1.7,6.1,29,11.1,10.9,4.2,2169,86.9,8.9,3.8,0.4,3,761,175,413,173,203,278,280,0,0,0,120,41,19,66,4,0,20,25,68,20,15,64,81,0,164,54,0,529,151,1,59,1,20,713,48,75,163,157,191,377,384,0,0,0,0,0,0,0,0,0,0
3030,39.93935,-75.157158,49.77777778,42101001800,0.328,0.67654398,3206,761,47728,0.076,0.157,0.292,47.14705882,380.5,22.4,0.05387352,1.48148884,1.536383778,0.87823163,39.939687,39.9526408,39.952532,39.944086,-75.157612,-75.15837203,-75.162559,-75.165402,Pennsylvania,Philadelphia,1614,1592,6.3,67.2,14.9,0,7.5,0,2605,76750,19494,5035,16,61.6,12.7,17.9,1.7,6.1,29,11.1,10.9,4.2,2169,86.9,8.9,3.8,0.4,3,761,175,413,173,203,278,280,0,0,0,120,41,19,66,4,0,20,25,68,20,15,64,81,0,164,54,0,529,151,1,59,1,20,713,48,75,163,157,191,377,384,0,0,0,0,0,0,0,0,0,0
3025,39.937241,-75.161201,38.97979798,42101002400,0.442,0.631222158,5163,1780,31728,0.083,0.325,0.197,90.57894737,1780,28.1,0.010489262,1.729278844,1.704218252,0.518651549,39.93717,39.9526408,39.952532,39.936194,-75.161282,-75.15837203,-75.162559,-75.167129,Pennsylvania,Philadelphia,2615,2548,16.6,55.8,9.6,0,14.9,0,3743,57193,11585,4002,13.1,46.6,26.8,16.9,4,5.6,23.8,5.8,14.2,4,3259,82.6,9.8,7.7,0,5.9,1780,433,963,384,646,694,440,0,0,0,24,10,46,416,0,5,22,65,39,0,14,400,265,4,319,151,0,944,468,12,325,3,28,1654,126,225,342,402,378,825,955,0,0,0,0,0,0,0,0,0,0
3119,39.96674,-75.207993,13.85858586,42101010700,0.98,0.21012735,3298,320,9277,0.489,0.492,0.111,109.9333333,320,33,0.049415925,2.504720431,0.049415925,1.03523274,39.966373,39.95651628,39.966373,39.958652,-75.207666,-75.18180596,-75.207666,-75.214009,Pennsylvania,Philadelphia,1591,1707,0.3,2,92.5,0,0.3,0,2226,14836,6792,1481,49.2,19.6,41.4,19.8,14.6,4.6,35.8,2.2,1.7,0,693,77.1,19,3.9,0,16.9,320,92,194,34,74,110,136,0,0,0,13,0,0,40,0,0,3,0,1,0,3,154,82,0,9,15,0,165,136,0,13,0,6,290,30,29,76,66,57,113,207,0,0,0,0,0,0,0,0,0,0
3104,39.96664,-75.192093,10.56565657,42101010900,0.845,0.295746388,2492,202,11628,0.547,0.3,0.1,83.06666667,101,33,0.03241212,1.42684878,0.811604866,1.201664449,39.966898,39.95651628,39.960255,39.955844,-75.19227,-75.18180596,-75.196707,-75.191462,Pennsylvania,Philadelphia,1290,1202,4.7,15.5,74.4,0,3.5,0,1714,19152,5467,2599,61.3,34.9,30.7,22.4,1.2,10.9,42.6,3.8,3.4,10.2,737,83.6,13.4,3,0,8.8,202,26,124,52,35,84,83,0,0,0,0,0,13,5,0,0,0,19,0,0,6,64,87,0,4,4,0,72,114,4,7,0,5,183,19,25,54,55,42,73,129,0,0,0,0,0,0,0,0,0,0
3035,39.962711,-75.194191,19.31313131,42101010900,0.845,0.295746388,2492,202,11628,0.547,0.3,0.1,83.06666667,101,33,0.024988896,1.260449828,0.347221595,0.798215697,39.962529,39.95651628,39.960255,39.955844,-75.194363,-75.18180596,-75.196707,-75.191462,Pennsylvania,Philadelphia,1290,1202,4.7,15.5,74.4,0,3.5,0,1714,19152,5467,2599,61.3,34.9,30.7,22.4,1.2,10.9,42.6,3.8,3.4,10.2,737,83.6,13.4,3,0,8.8,202,26,124,52,35,84,83,0,0,0,0,0,13,5,0,0,0,19,0,0,6,64,87,0,4,4,0,72,114,4,7,0,5,183,19,25,54,55,42,73,129,0,0,0,0,0,0,0,0,0,0
3045,39.947922,-75.162369,93.21212121,42101000901,0.358,0.652570879,2081,2286,34833,0.226,0.265,0.469,83.24,2286,21.6,0.01184859,0.625620347,0.512864414,0.197445439,39.9479,39.9526408,39.952532,39.948799,-75.162505,-75.15837203,-75.162559,-75.164383,Pennsylvania,Philadelphia,998,1083,6.3,64.2,7.1,0,20.2,0,1786,39539,7611,4966,51.4,73.5,8.5,17.1,0,0.9,14.2,1.4,6,5,1358,80.7,15.3,4,0,8.2,2286,796,1135,355,661,857,768,0,0,0,0,32,0,164,13,71,24,36,280,92,96,14,139,137,925,263,0,1492,596,9,144,0,45,2095,191,199,394,442,455,1185,1101,0,0,0,0,0,0,0,0,0,0
3056,39.976688,-75.158127,40.31313131,42101014600,0.65,0.26873385,3870,794,14350,0.282,0.357,0.229,297.6923077,794,23.6,0.049930041,0.905629425,0.585224356,0.222268491,39.977137,39.98147898,39.971499,39.978678,-75.15812,-75.14953179,-75.159275,-75.157881,Pennsylvania,Philadelphia,1799,2071,5.8,35,51,0,5.4,0,3421,28452,6881,4935,27.2,29.8,41.4,19.6,6.1,3.1,30.4,3.5,2.3,5.2,1040,74.5,18.8,6.1,0.6,14,794,386,297,111,412,216,166,0,0,0,1,0,1,236,0,0,31,31,0,0,85,98,64,0,240,7,0,332,417,4,29,0,12,756,38,65,130,118,95,335,459,0,0,0,0,0,0,0,0,0,0
3008,39.980782,-75.150551,14.72727273,42101037700,0.703,0.30161109,5338,7281,8903,0.455,0.299,0.256,68.43589744,3640.5,25.2,0.113213449,0.116394304,1.137301267,0.666937373,39.980917,39.98147898,39.970568,39.978678,-75.151868,-75.14953179,-75.149853,-75.157881,Pennsylvania,Philadelphia,2298,3040,14.8,29.7,45.9,0.1,8.6,0.4,4211,31000,10509,1925,66.9,31.9,33.2,24.7,0.7,9.5,25.3,11.5,0.4,7.3,1610,86.3,8.1,5.6,0,14.4,7281,1106,4046,2129,1326,964,4991,0,0,949,13,5,0,126,3,6,12,7,12,0,30,5351,260,0,417,90,0,4543,1980,26,585,12,135,6720,561,482,1113,1595,2985,3632,3649,0,0,0,0,0,0,0,0,0,0
3031,39.980049,-75.15522,24.13131313,42101037700,0.703,0.30161109,5338,7281,8903,0.455,0.299,0.256,68.43589744,3640.5,25.2,0.116299559,0.51007652,1.001730884,0.273218569,39.97985,39.98147898,39.971045,39.978678,-75.15388,-75.14953179,-75.155603,-75.157881,Pennsylvania,Philadelphia,2298,3040,14.8,29.7,45.9,0.1,8.6,0.4,4211,31000,10509,1925,66.9,31.9,33.2,24.7,0.7,9.5,25.3,11.5,0.4,7.3,1610,86.3,8.1,5.6,0,14.4,7281,1106,4046,2129,1326,964,4991,0,0,949,13,5,0,126,3,6,12,7,12,0,30,5351,260,0,417,90,0,4543,1980,26,585,12,135,6720,561,482,1113,1595,2985,3632,3649,0,0,0,0,0,0,0,0,0,0
3018,39.952728,-75.15979,72.73737374,42101000500,0.672,0.331174439,2316,28249,22575,0.424,0.184,0.575,24.125,9416.333333,21.8,0.061683106,0.121255019,0.23703175,0.157796351,39.952187,39.9526408,39.952532,39.952103,-75.15995,-75.15837203,-75.162559,-75.161452,Pennsylvania,Philadelphia,1414,902,17.4,32.8,32.5,0,15.5,0,2025,40673,15486,5912,0,67.1,8.5,21.4,0.5,2.5,15.8,1.3,3.7,3.3,767,84.4,11.5,0.7,3.5,13.2,28249,5638,16212,6399,3493,6508,18248,0,0,6,95,55,25,1464,6179,808,2628,145,2548,1771,492,46,5270,343,3023,1787,1564,15458,10821,73,1439,20,438,26288,1961,2452,5978,7229,6952,13941,14308,0,0,0,0,0,0,0,0,0,0
3033,39.95005,-75.156723,48.90909091,42101000500,0.672,0.331174439,2316,28249,22575,0.424,0.184,0.575,24.125,9416.333333,21.8,0.041487357,0.320547589,0.568894532,0.229688239,39.949959,39.9526408,39.952532,39.951716,-75.157195,-75.15837203,-75.162559,-75.158316,Pennsylvania,Philadelphia,1414,902,17.4,32.8,32.5,0,15.5,0,2025,40673,15486,5912,0,67.1,8.5,21.4,0.5,2.5,15.8,1.3,3.7,3.3,767,84.4,11.5,0.7,3.5,13.2,28249,5638,16212,6399,3493,6508,18248,0,0,6,95,55,25,1464,6179,808,2628,145,2548,1771,492,46,5270,343,3023,1787,1564,15458,10821,73,1439,20,438,26288,1961,2452,5978,7229,6952,13941,14308,0,0,0,0,0,0,0,0,0,0
3055,39.951118,-75.154572,42.11111111,42101000500,0.672,0.331174439,2316,28249,22575,0.424,0.184,0.575,24.125,9416.333333,21.8,0.022551484,0.365503918,0.698734194,0.069897547,39.95114,39.9526408,39.952532,39.951149,-75.154309,-75.15837203,-75.162559,-75.153753,Pennsylvania,Philadelphia,1414,902,17.4,32.8,32.5,0,15.5,0,2025,40673,15486,5912,0,67.1,8.5,21.4,0.5,2.5,15.8,1.3,3.7,3.3,767,84.4,11.5,0.7,3.5,13.2,28249,5638,16212,6399,3493,6508,18248,0,0,6,95,55,25,1464,6179,808,2628,145,2548,1771,492,46,5270,343,3023,1787,1564,15458,10821,73,1439,20,438,26288,1961,2452,5978,7229,6952,13941,14308,0,0,0,0,0,0,0,0,0,0
3023,39.950481,-75.172859,104.4545455,42101000700,0.439,0.573896945,3241,14201,64902,0.229,0.349,0.33,31.7745098,4733.666667,26.4,0.062204367,0.602654518,0.325814701,0.688869163,39.950758,39.95399019,39.953268,39.952581,-75.172225,-75.16747097,-75.171679,-75.165256,Pennsylvania,Philadelphia,1708,1533,8.5,56.1,11,0,22.6,0,2514,51842,5137,15159,18.9,79.2,6.6,8.1,1,5.1,22.5,0,4.6,5,1860,85.5,10.4,4.1,0,6.1,14201,4681,7169,2351,3696,4330,6175,0,0,0,260,50,59,2322,0,272,370,373,2131,1047,583,469,864,290,3334,945,832,9382,3638,35,858,6,282,13199,1002,1126,2356,2894,3144,6705,7496,0,0,0,0,0,0,0,0,0,0
3168,39.95121,-75.173698,65.61616162,42101000700,0.439,0.573896945,3241,14201,64902,0.229,0.349,0.33,31.7745098,4733.666667,26.4,0.070875213,0.614251851,0.286331079,0.735569055,39.950574,39.95399019,39.953268,39.952581,-75.173643,-75.16747097,-75.171679,-75.165256,Pennsylvania,Philadelphia,1708,1533,8.5,56.1,11,0,22.6,0,2514,51842,5137,15159,18.9,79.2,6.6,8.1,1,5.1,22.5,0,4.6,5,1860,85.5,10.4,4.1,0,6.1,14201,4681,7169,2351,3696,4330,6175,0,0,0,260,50,59,2322,0,272,370,373,2131,1047,583,469,864,290,3334,945,832,9382,3638,35,858,6,282,13199,1002,1126,2356,2894,3144,6705,7496,0,0,0,0,0,0,0,0,0,0
3062,39.951969,-75.179428,30.48484848,42101000700,0.439,0.573896945,3241,14201,64902,0.229,0.349,0.33,31.7745098,4733.666667,26.4,0.073253615,0.544747483,0.312158176,0.457536657,39.951326,39.95651628,39.953917,39.954837,-75.179615,-75.18180596,-75.176791,-75.183277,Pennsylvania,Philadelphia,1708,1533,8.5,56.1,11,0,22.6,0,2514,51842,5137,15159,18.9,79.2,6.6,8.1,1,5.1,22.5,0,4.6,5,1860,85.5,10.4,4.1,0,6.1,14201,4681,7169,2351,3696,4330,6175,0,0,0,260,50,59,2322,0,272,370,373,2131,1047,583,469,864,290,3334,945,832,9382,3638,35,858,6,282,13199,1002,1126,2356,2894,3144,6705,7496,0,0,0,0,0,0,0,0,0,0
3028,39.940609,-75.149582,71.13131313,42101001600,0.118,0.743678731,2017,1155,60819,0.067,0.263,0.173,54.51351351,1155,27.2,0.034196465,1.533425321,1.726693654,1.107338528,39.940892,39.9526408,39.952532,39.950554,-75.149425,-75.15837203,-75.162559,-75.148905,Pennsylvania,Philadelphia,1084,933,4.8,88.2,0.9,0,2.5,0,1736,73879,9014,7125,0,75.5,9.5,13.5,0.7,0.9,34.2,5.9,8.6,7.6,1500,83.5,9.5,7,0,4.2,1155,401,587,167,447,456,252,0,0,0,4,5,5,199,9,9,18,22,88,0,25,98,71,81,418,103,0,798,232,3,91,1,30,1059,96,104,190,247,213,545,610,0,0,0,0,0,0,0,0,0,0
3110,39.96175,-75.136414,19.80808081,42101036600,0.318,0.685591859,1867,2241,75764,0.05,0.181,0.078,28.28787879,747,24.5,0.01099242,2.128075766,0.38139663,0.367976519,39.961666,39.9526408,39.964858,39.960495,-75.136482,-75.15837203,-75.134521,-75.140409,Pennsylvania,Philadelphia,965,902,2.7,68.2,7.9,1.7,15.4,0,1619,101984,22879,12299,12.4,59.4,4.7,29.9,1.8,4.2,47.5,8.9,4,13.6,1280,85,7.3,7.7,0,6.5,2241,667,1217,357,664,829,748,0,0,41,58,0,36,133,204,175,90,94,77,0,173,8,252,69,586,245,0,1233,820,12,126,5,45,2073,168,220,444,517,393,1286,955,0,0,0,0,0,0,0,0,0,0
3124,39.95295,-75.139793,32.67676768,42101036600,0.318,0.685591859,1867,2241,75764,0.05,0.181,0.078,28.28787879,747,24.5,0.050270555,1.584033205,1.398274646,0.479486972,39.953401,39.9526408,39.964858,39.949889,-75.139752,-75.15837203,-75.134521,-75.143755,Pennsylvania,Philadelphia,965,902,2.7,68.2,7.9,1.7,15.4,0,1619,101984,22879,12299,12.4,59.4,4.7,29.9,1.8,4.2,47.5,8.9,4,13.6,1280,85,7.3,7.7,0,6.5,2241,667,1217,357,664,829,748,0,0,41,58,0,36,133,204,175,90,94,77,0,173,8,252,69,586,245,0,1233,820,12,126,5,45,2073,168,220,444,517,393,1286,955,0,0,0,0,0,0,0,0,0,0
3049,39.945091,-75.142502,47.35353535,42101036600,0.318,0.685591859,1867,2241,75764,0.05,0.181,0.078,28.28787879,747,24.5,0.037315772,1.592135294,1.899422438,0.544100533,39.945222,39.9526408,39.952532,39.949889,-75.142099,-75.15837203,-75.162559,-75.143755,Pennsylvania,Philadelphia,965,902,2.7,68.2,7.9,1.7,15.4,0,1619,101984,22879,12299,12.4,59.4,4.7,29.9,1.8,4.2,47.5,8.9,4,13.6,1280,85,7.3,7.7,0,6.5,2241,667,1217,357,664,829,748,0,0,41,58,0,36,133,204,175,90,94,77,0,173,8,252,69,586,245,0,1233,820,12,126,5,45,2073,168,220,444,517,393,1286,955,0,0,0,0,0,0,0,0,0,0
3057,39.964439,-75.179947,106.1616162,42101012500,0.212,0.600758294,5275,8861,66505,0.151,0.103,0.418,32.96875,1772.2,23.5,0.124285437,0.895100142,0.902452562,1.104772547,39.964944,39.95651628,39.97244,39.954837,-75.178646,-75.18180596,-75.178171,-75.183277,Pennsylvania,Philadelphia,2823,2452,3.8,78.8,6.7,0.7,8.9,0,4703,69737,9467,21546,0,75.1,5.2,18.2,1.5,0,37.1,1.1,7.7,2,3169,90,7,3,0,4.7,8861,1778,4790,2293,1606,2380,4875,0,0,0,248,14,7,567,349,504,118,110,392,354,1238,2759,1111,159,399,245,287,5310,2817,12,578,4,140,8371,490,579,1490,1973,3041,3735,5126,0,0,0,0,0,0,0,0,0,0
3054,39.962502,-75.174202,101.9090909,42101012500,0.212,0.600758294,5275,8861,66505,0.151,0.103,0.418,32.96875,1772.2,23.5,0.049154593,0.928989328,0.955967767,1.088459474,39.962651,39.95651628,39.95413121,39.962436,-75.174745,-75.18180596,-75.17675922,-75.161431,Pennsylvania,Philadelphia,2823,2452,3.8,78.8,6.7,0.7,8.9,0,4703,69737,9467,21546,0,75.1,5.2,18.2,1.5,0,37.1,1.1,7.7,2,3169,90,7,3,0,4.7,8861,1778,4790,2293,1606,2380,4875,0,0,0,248,14,7,567,349,504,118,110,392,354,1238,2759,1111,159,399,245,287,5310,2817,12,578,4,140,8371,490,579,1490,1973,3041,3735,5126,0,0,0,0,0,0,0,0,0,0
3040,39.962891,-75.166061,46,42101012500,0.212,0.600758294,5275,8861,66505,0.151,0.103,0.418,32.96875,1772.2,23.5,0.029844707,0.996994161,1.026373918,0.397830359,39.962937,39.95399019,39.972028,39.962436,-75.166406,-75.16747097,-75.164352,-75.161431,Pennsylvania,Philadelphia,2823,2452,3.8,78.8,6.7,0.7,8.9,0,4703,69737,9467,21546,0,75.1,5.2,18.2,1.5,0,37.1,1.1,7.7,2,3169,90,7,3,0,4.7,8861,1778,4790,2293,1606,2380,4875,0,0,0,248,14,7,567,349,504,118,110,392,354,1238,2759,1111,159,399,245,287,5310,2817,12,578,4,140,8371,490,579,1490,1973,3041,3735,5126,0,0,0,0,0,0,0,0,0,0
3116,39.96006,-75.171982,48.32323232,42101012500,0.212,0.600758294,5275,8861,66505,0.151,0.103,0.418,32.96875,1772.2,23.5,0.027031659,0.776767487,0.73232075,0.868470725,39.959923,39.95399019,39.953479,39.957011,-75.17172,-75.16747097,-75.17165,-75.162601,Pennsylvania,Philadelphia,2823,2452,3.8,78.8,6.7,0.7,8.9,0,4703,69737,9467,21546,0,75.1,5.2,18.2,1.5,0,37.1,1.1,7.7,2,3169,90,7,3,0,4.7,8861,1778,4790,2293,1606,2380,4875,0,0,0,248,14,7,567,349,504,118,110,392,354,1238,2759,1111,159,399,245,287,5310,2817,12,578,4,140,8371,490,579,1490,1973,3041,3735,5126,0,0,0,0,0,0,0,0,0,0
3060,39.959229,-75.170357,44.81818182,42101012500,0.212,0.600758294,5275,8861,66505,0.151,0.103,0.418,32.96875,1772.2,23.5,0.005817528,0.632337481,0.64879963,0.705571354,39.959197,39.95399019,39.953479,39.957011,-75.170411,-75.16747097,-75.17165,-75.162601,Pennsylvania,Philadelphia,2823,2452,3.8,78.8,6.7,0.7,8.9,0,4703,69737,9467,21546,0,75.1,5.2,18.2,1.5,0,37.1,1.1,7.7,2,3169,90,7,3,0,4.7,8861,1778,4790,2293,1606,2380,4875,0,0,0,248,14,7,567,349,504,118,110,392,354,1238,2759,1111,159,399,245,287,5310,2817,12,578,4,140,8371,490,579,1490,1973,3041,3735,5126,0,0,0,0,0,0,0,0,0,0
3163,39.949741,-75.180969,59.35353535,42101000801,0.248,0.671985816,1692,279,69278,0.168,0.065,0.58,141,279,22.4,0.189792078,0.756747076,0.58519432,0.59982955,39.950057,39.95651628,39.953917,39.954837,-75.178781,-75.18180596,-75.176791,-75.183277,Pennsylvania,Philadelphia,913,779,4.9,75.2,10.6,0,4.1,0,1446,81620,24587,19676,0,80.2,1.4,12.4,0.7,5.3,24.2,2.3,3.3,5.7,1137,92.8,4.4,2.8,0,2.5,279,50,156,73,50,78,151,0,0,0,2,54,44,0,0,0,16,18,25,7,20,1,11,33,31,17,0,231,34,0,12,0,2,264,15,27,61,65,76,140,139,0,0,0,0,0,0,0,0,0,0
3038,39.947811,-75.194092,60.08080808,42101036900,0.455,0.209379257,5139,56517,10069,0.357,0.193,0.59,28.55,9419.5,16.9,0.042698252,0.357204648,0.437471606,0.920931785,39.947571,39.94819754,39.950914,39.955844,-75.194483,-75.18993212,-75.197247,-75.191462,Pennsylvania,Philadelphia,2694,2445,3.8,54.5,9.7,0.2,27.9,1.4,4127,47083,16973,2824,16.4,57.2,13.6,24.4,3.5,1.3,11,0.6,3.1,7.1,1076,84,12.3,2.1,1.6,8.7,56517,11065,33514,11938,5618,9782,41117,0,0,0,299,21,8,505,0,46,61,156,2230,5,1187,27465,22113,13,2001,407,0,37221,12351,124,5856,38,927,53872,2645,3404,8061,12252,21735,21052,35465,0,0,0,0,0,0,0,0,0,0
3022,39.95472,-75.183228,75.11111111,42101036900,0.455,0.209379257,5139,56517,10069,0.357,0.193,0.59,28.55,9419.5,16.9,0.030491355,0.233637418,0.029320714,0.013663943,39.954824,39.95651628,39.95474,39.954837,-75.183559,-75.18180596,-75.183571,-75.183277,Pennsylvania,Philadelphia,2694,2445,3.8,54.5,9.7,0.2,27.9,1.4,4127,47083,16973,2824,16.4,57.2,13.6,24.4,3.5,1.3,11,0.6,3.1,7.1,1076,84,12.3,2.1,1.6,8.7,56517,11065,33514,11938,5618,9782,41117,0,0,0,299,21,8,505,0,46,61,156,2230,5,1187,27465,22113,13,2001,407,0,37221,12351,124,5856,38,927,53872,2645,3404,8061,12252,21735,21052,35465,0,0,0,0,0,0,0,0,0,0
3029,39.9538,-75.194794,53.12121212,42101036900,0.455,0.209379257,5139,56517,10069,0.357,0.193,0.59,28.55,9419.5,16.9,0.07025147,0.748224864,0.013415104,0.363755446,39.953176,39.94819754,39.953868,39.955844,-75.194665,-75.18993212,-75.194664,-75.191462,Pennsylvania,Philadelphia,2694,2445,3.8,54.5,9.7,0.2,27.9,1.4,4127,47083,16973,2824,16.4,57.2,13.6,24.4,3.5,1.3,11,0.6,3.1,7.1,1076,84,12.3,2.1,1.6,8.7,56517,11065,33514,11938,5618,9782,41117,0,0,0,299,21,8,505,0,46,61,156,2230,5,1187,27465,22113,13,2001,407,0,37221,12351,124,5856,38,927,53872,2645,3404,8061,12252,21735,21052,35465,0,0,0,0,0,0,0,0,0,0
3020,39.949219,-75.190361,79.57575758,42101036900,0.455,0.209379257,5139,56517,10069,0.357,0.193,0.59,28.55,9419.5,16.9,0.059750153,0.119320098,0.616496912,0.742620317,39.948883,39.94819754,39.950914,39.955844,-75.189814,-75.18993212,-75.197247,-75.191462,Pennsylvania,Philadelphia,2694,2445,3.8,54.5,9.7,0.2,27.9,1.4,4127,47083,16973,2824,16.4,57.2,13.6,24.4,3.5,1.3,11,0.6,3.1,7.1,1076,84,12.3,2.1,1.6,8.7,56517,11065,33514,11938,5618,9782,41117,0,0,0,299,21,8,505,0,46,61,156,2230,5,1187,27465,22113,13,2001,407,0,37221,12351,124,5856,38,927,53872,2645,3404,8061,12252,21735,21052,35465,0,0,0,0,0,0,0,0,0,0
3161,39.954861,-75.180908,43.48484848,42101036900,0.455,0.209379257,5139,56517,10069,0.357,0.193,0.59,28.55,9419.5,16.9,0.031529804,0.199338143,0.224663593,0.201943028,39.955131,39.95651628,39.954969,39.954837,-75.180795,-75.18180596,-75.18354,-75.183277,Pennsylvania,Philadelphia,2694,2445,3.8,54.5,9.7,0.2,27.9,1.4,4127,47083,16973,2824,16.4,57.2,13.6,24.4,3.5,1.3,11,0.6,3.1,7.1,1076,84,12.3,2.1,1.6,8.7,56517,11065,33514,11938,5618,9782,41117,0,0,0,299,21,8,505,0,46,61,156,2230,5,1187,27465,22113,13,2001,407,0,37221,12351,124,5856,38,927,53872,2645,3404,8061,12252,21735,21052,35465,0,0,0,0,0,0,0,0,0,0
3129,39.946812,-75.193108,16.73737374,42101036900,0.455,0.209379257,5139,56517,10069,0.357,0.193,0.59,28.55,9419.5,16.9,0.14443622,0.311497722,0.57665619,1.014065921,39.947571,39.94819754,39.950914,39.955844,-75.194483,-75.18993212,-75.197247,-75.191462,Pennsylvania,Philadelphia,2694,2445,3.8,54.5,9.7,0.2,27.9,1.4,4127,47083,16973,2824,16.4,57.2,13.6,24.4,3.5,1.3,11,0.6,3.1,7.1,1076,84,12.3,2.1,1.6,8.7,56517,11065,33514,11938,5618,9782,41117,0,0,0,299,21,8,505,0,46,61,156,2230,5,1187,27465,22113,13,2001,407,0,37221,12351,124,5856,38,927,53872,2645,3404,8061,12252,21735,21052,35465,0,0,0,0,0,0,0,0,0,0
3032,39.945271,-75.17971,87.70707071,42101001300,0.408,0.575551783,5890,1221,50234,0.097,0.195,0.229,39.26666667,407,26.8,0.013617773,0.93018099,0.993069481,1.106295792,39.945356,39.94819754,39.953917,39.954837,-75.179825,-75.18993212,-75.176791,-75.183277,Pennsylvania,Philadelphia,2871,3019,3.6,59.2,24,1.3,7.6,0.2,4992,81250,18169,8655,3.2,65.4,13.5,16.7,3.2,1.3,35,1.9,18.2,2.4,3390,81.1,12.3,6.6,0,5.5,1221,303,706,212,161,285,775,0,0,199,52,20,44,47,5,3,15,25,583,0,1,1,57,1,114,54,0,823,277,2,96,3,20,1153,68,91,188,275,364,538,683,0,0,0,0,0,0,0,0,0,0
3170,39.94426,-75.181343,31.64646465,42101001300,0.408,0.575551783,5890,1221,50234,0.097,0.195,0.229,39.26666667,407,26.8,0.062204778,0.853120608,1.141767712,1.187607124,39.943906,39.94819754,39.953917,39.954837,-75.181908,-75.18993212,-75.176791,-75.183277,Pennsylvania,Philadelphia,2871,3019,3.6,59.2,24,1.3,7.6,0.2,4992,81250,18169,8655,3.2,65.4,13.5,16.7,3.2,1.3,35,1.9,18.2,2.4,3390,81.1,12.3,6.6,0,5.5,1221,303,706,212,161,285,775,0,0,199,52,20,44,47,5,3,15,25,583,0,1,1,57,1,114,54,0,823,277,2,96,3,20,1153,68,91,188,275,364,538,683,0,0,0,0,0,0,0,0,0,0
3162,39.94595,-75.184753,41.07070707,42101001300,0.408,0.575551783,5890,1221,50234,0.097,0.195,0.229,39.26666667,407,26.8,0.041712646,0.50732656,0.98258294,0.996166713,39.946088,39.94819754,39.95474,39.954837,-75.184298,-75.18993212,-75.183571,-75.183277,Pennsylvania,Philadelphia,2871,3019,3.6,59.2,24,1.3,7.6,0.2,4992,81250,18169,8655,3.2,65.4,13.5,16.7,3.2,1.3,35,1.9,18.2,2.4,3390,81.1,12.3,6.6,0,5.5,1221,303,706,212,161,285,775,0,0,199,52,20,44,47,5,3,15,25,583,0,1,1,57,1,114,54,0,823,277,2,96,3,20,1153,68,91,188,275,364,538,683,0,0,0,0,0,0,0,0,0,0
3158,39.925522,-75.169037,28.18181818,42101004001,0.247,0.490788504,4071,1095,26137,0.159,0.381,0.101,119.7352941,1095,25.4,0.029524538,3.087266182,3.013637808,0.137398603,39.925468,39.94819754,39.952484,39.924389,-75.169376,-75.18993212,-75.165445,-75.16968,Pennsylvania,Philadelphia,1958,2113,7.1,75.3,3.3,0,13.4,0,3430,43571,7874,2508,12.7,40.4,19.5,26.9,3.1,10.2,34.8,8.9,8.1,0.1,1998,89.1,7.4,3.5,0,11.8,1095,303,597,195,302,341,452,0,0,0,245,59,22,168,0,0,56,5,15,1,7,127,147,2,200,41,0,729,282,7,59,4,14,1004,91,97,223,266,206,581,514,0,0,0,0,0,0,0,0,0,0
3108,39.953159,-75.165512,87.78787879,42101000402,0.166,0.495244342,3049,69260,67227,0.099,0.204,0.385,23.09848485,17315,25.4,0.047759153,0.190851236,0.05212672,0.067873985,39.952752,39.95399019,39.952698,39.952581,-75.165333,-75.16747097,-75.165401,-75.165256,Pennsylvania,Philadelphia,1012,2037,1.2,83.4,4.4,0,9.4,0,2719,52813,9622,14420,0,68.6,8.5,22.9,0,0,32.9,0,2.4,5.8,1510,93.6,2.3,3.3,0.9,3,69260,15116,40027,14117,8073,14430,46757,0,2,0,2316,93,684,723,39,5617,13299,1021,19708,1995,10460,298,3533,405,2412,1537,5118,45685,17301,206,5030,47,991,65062,4198,4264,11153,15414,23313,34312,34948,0,0,0,0,0,0,0,0,0,0
3021,39.953899,-75.169022,138.3838384,42101000402,0.166,0.495244342,3049,69260,67227,0.099,0.204,0.385,23.09848485,17315,25.4,0.060745408,0.132594475,0.228807586,0.35288064,39.954251,39.95399019,39.95347857,39.952581,-75.169567,-75.16747097,-75.17164971,-75.165256,Pennsylvania,Philadelphia,1012,2037,1.2,83.4,4.4,0,9.4,0,2719,52813,9622,14420,0,68.6,8.5,22.9,0,0,32.9,0,2.4,5.8,1510,93.6,2.3,3.3,0.9,3,69260,15116,40027,14117,8073,14430,46757,0,2,0,2316,93,684,723,39,5617,13299,1021,19708,1995,10460,298,3533,405,2412,1537,5118,45685,17301,206,5030,47,991,65062,4198,4264,11153,15414,23313,34312,34948,0,0,0,0,0,0,0,0,0,0
3078,39.953548,-75.171921,58.91919192,42101000402,0.166,0.495244342,3049,69260,67227,0.099,0.204,0.385,23.09848485,17315,25.4,0.030690848,0.382484783,0.024340342,0.578202415,39.953319,39.95399019,39.953479,39.952581,-75.17172,-75.16747097,-75.17165,-75.165256,Pennsylvania,Philadelphia,1012,2037,1.2,83.4,4.4,0,9.4,0,2719,52813,9622,14420,0,68.6,8.5,22.9,0,0,32.9,0,2.4,5.8,1510,93.6,2.3,3.3,0.9,3,69260,15116,40027,14117,8073,14430,46757,0,2,0,2316,93,684,723,39,5617,13299,1021,19708,1995,10460,298,3533,405,2412,1537,5118,45685,17301,206,5030,47,991,65062,4198,4264,11153,15414,23313,34312,34948,0,0,0,0,0,0,0,0,0,0
3004,39.953781,-75.163742,64.25252525,42101000402,0.166,0.495244342,3049,69260,67227,0.099,0.204,0.385,23.09848485,17315,25.4,0.082642384,0.318699038,0.171628979,0.155296601,39.9543,39.95399019,39.952532,39.952389,-75.163048,-75.16747097,-75.162559,-75.163594,Pennsylvania,Philadelphia,1012,2037,1.2,83.4,4.4,0,9.4,0,2719,52813,9622,14420,0,68.6,8.5,22.9,0,0,32.9,0,2.4,5.8,1510,93.6,2.3,3.3,0.9,3,69260,15116,40027,14117,8073,14430,46757,0,2,0,2316,93,684,723,39,5617,13299,1021,19708,1995,10460,298,3533,405,2412,1537,5118,45685,17301,206,5030,47,991,65062,4198,4264,11153,15414,23313,34312,34948,0,0,0,0,0,0,0,0,0,0
3007,39.945171,-75.159927,80.58585859,42101001101,0.179,0.648689364,3319,721,54357,0.126,0.222,0.355,100.5757576,721,25.7,0.034658116,0.841113999,0.848699163,0.482080564,39.94486,39.9526408,39.952532,39.944086,-75.159954,-75.15837203,-75.162559,-75.165402,Pennsylvania,Philadelphia,1577,1742,6.4,82.1,4,0,6.1,0,2945,77568,15522,7336,18.1,77.1,9.1,10.6,1.8,1.3,26.9,4.5,5.3,5.5,2153,87.2,8.5,4.3,0,6.6,721,198,377,146,228,272,221,0,0,0,0,0,10,22,0,14,2,60,21,0,0,4,130,10,337,111,0,472,176,2,54,1,16,624,97,84,124,153,162,361,360,0,0,0,0,0,0,0,0,0,0
3086,39.940189,-75.166908,33.88888889,42101001900,0.408,0.721613017,2827,755,49807,0.084,0.163,0.272,44.171875,377.5,25.7,0.04777949,1.535372519,1.372818432,0.444623149,39.940099,39.95399019,39.952484,39.936194,-75.16636,-75.16747097,-75.165445,-75.167129,Pennsylvania,Philadelphia,1343,1484,7.6,59.2,24.9,0.4,5.7,0,2434,70000,11852,4849,4.8,66.6,12.4,17.5,2,1.5,37.8,2.2,12.6,4,2040,90.7,5.7,3.5,0,4.4,755,236,383,136,287,229,239,0,0,0,33,18,63,68,5,2,0,4,30,0,12,207,58,0,89,166,0,336,252,8,136,5,18,702,53,81,111,149,178,337,418,0,0,0,0,0,0,0,0,0,0
3012,39.942181,-75.177467,75.90909091,42101001900,0.408,0.721613017,2827,755,49807,0.084,0.163,0.272,44.171875,377.5,25.7,0.142156906,1.255692444,1.306255362,1.050140995,39.942302,39.94819754,39.953917,39.944086,-75.179127,-75.18993212,-75.176791,-75.165402,Pennsylvania,Philadelphia,1343,1484,7.6,59.2,24.9,0.4,5.7,0,2434,70000,11852,4849,4.8,66.6,12.4,17.5,2,1.5,37.8,2.2,12.6,4,2040,90.7,5.7,3.5,0,4.4,755,236,383,136,287,229,239,0,0,0,33,18,63,68,5,2,0,4,30,0,12,207,58,0,89,166,0,336,252,8,136,5,18,702,53,81,111,149,178,337,418,0,0,0,0,0,0,0,0,0,0
3026,39.94138,-75.145638,50.19191919,42101001002,0.158,0.556057611,3541,6137,81403,0.084,0.157,0.241,26.82575758,2045.666667,25,0.035396947,1.657177677,1.902205991,0.959677858,39.941116,39.9526408,39.952532,39.949889,-75.14587,-75.15837203,-75.162559,-75.143755,Pennsylvania,Philadelphia,1675,1866,7.1,84.2,1.3,0.8,6.2,0,2911,112599,16145,11823,1.8,76.1,11.2,11.3,0.5,1,31,14.9,6.6,7.7,1969,81.6,9.4,9,0,4.4,6137,1610,3244,1283,1297,1346,3494,0,0,0,40,0,39,269,47,76,2356,169,471,19,787,97,286,192,899,248,142,4350,1284,21,385,6,91,5731,406,446,893,1197,1991,3142,2995,0,0,0,0,0,0,0,0,0,0
3015,39.94735,-75.148857,40.83838384,42101001002,0.158,0.556057611,3541,6137,81403,0.084,0.157,0.241,26.82575758,2045.666667,25,0.035461014,1.001982618,1.302395052,0.356292043,39.947432,39.9526408,39.952532,39.950554,-75.148455,-75.15837203,-75.162559,-75.148905,Pennsylvania,Philadelphia,1675,1866,7.1,84.2,1.3,0.8,6.2,0,2911,112599,16145,11823,1.8,76.1,11.2,11.3,0.5,1,31,14.9,6.6,7.7,1969,81.6,9.4,9,0,4.4,6137,1610,3244,1283,1297,1346,3494,0,0,0,40,0,39,269,47,76,2356,169,471,19,787,97,286,192,899,248,142,4350,1284,21,385,6,91,5731,406,446,893,1197,1991,3142,2995,0,0,0,0,0,0,0,0,0,0
3005,39.94733,-75.144028,34.78787879,42101001002,0.158,0.556057611,3541,6137,81403,0.084,0.157,0.241,26.82575758,2045.666667,25,0.055641233,1.357858988,1.68220865,0.285497868,39.946959,39.9526408,39.952532,39.949889,-75.144466,-75.15837203,-75.162559,-75.143755,Pennsylvania,Philadelphia,1675,1866,7.1,84.2,1.3,0.8,6.2,0,2911,112599,16145,11823,1.8,76.1,11.2,11.3,0.5,1,31,14.9,6.6,7.7,1969,81.6,9.4,9,0,4.4,6137,1610,3244,1283,1297,1346,3494,0,0,0,40,0,39,269,47,76,2356,169,471,19,787,97,286,192,899,248,142,4350,1284,21,385,6,91,5731,406,446,893,1197,1991,3142,2995,0,0,0,0,0,0,0,0,0,0
3053,39.932308,-75.181541,34.24242424,42101003200,0.893,0.386296515,5079,276,13374,0.4,0.555,0.033,115.4318182,276,30.6,0.025122431,1.906169662,2.436694569,1.145024336,39.932231,39.94819754,39.953917,39.929848,-75.181264,-75.18993212,-75.176791,-75.168501,Pennsylvania,Philadelphia,2074,3005,9.5,10.7,76.4,0,0.6,1.2,3581,24965,7260,1949,66.1,15.7,39.9,29.9,1.7,12.9,20.7,12.9,6.8,0.8,1962,83.5,14.2,2.3,0,20.7,276,53,143,80,71,141,64,0,0,0,37,21,27,8,0,0,2,0,0,0,4,18,122,0,18,19,0,108,155,3,9,0,1,256,20,50,65,58,50,133,143,0,0,0,0,0,0,0,0,0,0
3157,39.925449,-75.159538,19.91919192,42101004101,0.733,0.371088585,6807,533,14131,0.39,0.469,0.006,174.5384615,533,32.2,0.027404813,3.025223849,3.022486073,0.872842161,39.925599,39.9526408,39.952532,39.924389,-75.159283,-75.15837203,-75.162559,-75.16968,Pennsylvania,Philadelphia,3771,3036,16,26.7,17,0,34.4,0,3717,27097,5904,1946,61.1,17.7,28.2,18.5,19.3,16.3,33.8,14,3.9,0.8,2526,87.7,8.8,3.5,0,19.2,533,146,269,118,239,197,97,0,0,0,34,7,1,42,2,0,12,2,10,0,8,96,159,0,122,38,0,194,181,2,148,1,7,500,33,63,82,121,121,235,298,0,0,0,0,0,0,0,0,0,0
3070,39.960621,-75.139832,22.8989899,42101036700,0.311,0.73825992,2747,6270,67672,0.05,0.225,0.131,49.94545455,6270,26.1,0.054161824,1.812342302,0.653336341,0.051134259,39.96064,39.9526408,39.964858,39.960495,-75.140467,-75.15837203,-75.134521,-75.140409,Pennsylvania,Philadelphia,1503,1244,8.8,68.9,18.2,0.3,3.3,0,2501,93151,6548,7561,0,68.4,4.2,21.5,3,2.8,46.8,5,4.8,7.9,2028,86.5,8.6,4.9,0,10.3,6270,1223,3759,1288,968,1409,3893,0,0,0,72,184,297,184,0,131,36,59,268,13,110,18,885,40,627,373,2973,3659,2239,16,250,4,102,5777,493,553,1330,1649,1515,3387,2883,0,0,0,0,0,0,0,0,0,0
3052,39.947319,-75.156952,77.86868687,42101000902,0.29,0.491095112,2639,10162,58726,0.227,0.135,0.428,119.9545455,10162,28.3,0.066951411,0.604010706,0.75129651,0.502559334,39.9473,39.9526408,39.952532,39.951716,-75.157737,-75.15837203,-75.162559,-75.158316,Pennsylvania,Philadelphia,1122,1517,2,71,4.8,0,19.4,0,2252,50179,13864,12242,0,76,4.2,19.8,0,0,31,4.9,1.4,6.3,1296,88.3,6.1,5.6,0,1,10162,1632,5924,2606,1015,1801,7346,0,0,2487,2,0,1,193,0,11,37,64,140,1249,21,4377,1122,37,346,75,0,6445,2678,26,853,5,155,9616,546,616,1701,2472,3741,4871,5291,0,0,0,0,0,0,0,0,0,0
3041,39.968491,-75.13546,28.95959596,42101014200,0.286,0.805789474,3800,3097,60353,0.07,0.226,0.067,39.58333333,1548.5,28.6,0.069554372,1.877097124,0.069610084,0.07669787,39.968958,39.98147898,39.968903,39.968878,-75.136003,-75.14953179,-75.136075,-75.136205,Pennsylvania,Philadelphia,1930,1870,12.2,71.4,10.2,0,3.8,0,3261,83924,4648,8145,3.2,63.4,6.2,24,1.5,5,54,5.7,6,5,3062,87.9,7.4,4.7,0,3.2,3097,1115,1504,478,697,1234,1166,0,0,0,39,47,85,168,31,0,17,81,235,20,94,68,93,1483,591,45,0,1897,816,16,279,4,85,2725,372,329,568,651,434,1716,1381,0,0,0,0,0,0,0,0,0,0
3036,39.968441,-75.140007,21.37373737,42101014200,0.286,0.805789474,3800,3097,60353,0.07,0.226,0.067,39.58333333,1548.5,28.6,0.014086493,1.661482911,0.112299755,0.327627459,39.96835,39.98147898,39.969439,39.968878,-75.139892,-75.14953179,-75.139805,-75.136205,Pennsylvania,Philadelphia,1930,1870,12.2,71.4,10.2,0,3.8,0,3261,83924,4648,8145,3.2,63.4,6.2,24,1.5,5,54,5.7,6,5,3062,87.9,7.4,4.7,0,3.2,3097,1115,1504,478,697,1234,1166,0,0,0,39,47,85,168,31,0,17,81,235,20,94,68,93,1483,591,45,0,1897,816,16,279,4,85,2725,372,329,568,651,434,1716,1381,0,0,0,0,0,0,0,0,0,0
3071,39.961731,-75.187881,22.65656566,42101009000,0.372,0.268451992,6124,872,7748,0.646,0.268,0.361,127.5833333,436,24.3,0.173277111,0.777383971,0.608264701,0.722262412,39.963196,39.95651628,39.958416,39.955844,-75.188574,-75.18180596,-75.193558,-75.191462,Pennsylvania,Philadelphia,3301,2823,5.5,62.8,6.7,0,20,0,4942,14942,7153,2161,0,42.3,24.8,26.8,3.3,2.8,23.2,4.6,4.1,5.3,1644,89.9,7.5,1.9,0.6,11.3,872,317,404,151,366,266,240,0,0,0,22,3,8,21,0,12,19,58,131,0,61,40,107,6,371,13,0,514,284,2,50,1,21,796,76,80,145,161,169,374,498,0,0,0,0,0,0,0,0,0,0
3009,39.955761,-75.189819,59.07070707,42101009000,0.372,0.268451992,6124,872,7748,0.646,0.268,0.361,127.5833333,436,24.3,0.028360247,0.688135125,0.095524352,0.14034549,39.955567,39.95651628,39.954908,39.955844,-75.189603,-75.18180596,-75.189686,-75.191462,Pennsylvania,Philadelphia,3301,2823,5.5,62.8,6.7,0,20,0,4942,14942,7153,2161,0,42.3,24.8,26.8,3.3,2.8,23.2,4.6,4.1,5.3,1644,89.9,7.5,1.9,0.6,11.3,872,317,404,151,366,266,240,0,0,0,22,3,8,21,0,12,19,58,131,0,61,40,107,6,371,13,0,514,284,2,50,1,21,796,76,80,145,161,169,374,498,0,0,0,0,0,0,0,0,0,0
3013,39.963169,-75.147919,33.78787879,42101013100,0.767,0.439008043,1492,273,25253,0.246,0.265,0.182,114.7692308,273,24,0.131812878,1.471146559,0.802879522,0.705752449,39.963044,39.9526408,39.970386,39.960495,-75.149457,-75.15837203,-75.148211,-75.140409,Pennsylvania,Philadelphia,750,742,4.2,23.3,61,0,9.7,0,1161,33889,7820,4640,24.3,58.3,9,23.5,4.1,5,43.5,6.7,2.5,2.6,655,72.4,24.7,2.9,0,14.3,273,54,151,68,55,141,77,0,0,0,0,73,22,3,0,0,0,31,22,0,39,47,17,0,4,15,0,131,76,0,65,0,1,254,19,29,57,62,71,127,146,0,0,0,0,0,0,0,0,0,0
3097,39.978882,-75.133392,16.52525253,42101015700,0.609,0.532897268,2599,1074,18274,0.274,0.336,0.072,68.39473684,1074,29.6,0.020705524,1.405182309,0.97910505,0.028812858,39.978787,39.98147898,39.971003,39.978634,-75.133601,-75.14953179,-75.128262,-75.13349,Pennsylvania,Philadelphia,1331,1268,46.1,39.1,10.1,0,0.4,2,1978,37664,7930,2952,30.7,27.4,30.7,20.6,11.2,10,47.4,4.3,7.5,0,1385,84,5.5,10.5,0,9.5,1074,270,539,265,251,438,385,0,0,0,54,155,107,30,98,0,1,3,84,86,52,96,197,0,99,12,0,674,302,7,67,2,22,901,173,163,196,234,211,550,524,0,0,0,0,0,0,0,0,0,0
3088,39.969841,-75.1418,19.33333333,42101014400,0.592,0.460734463,3540,1412,21130,0.305,0.223,0.067,34.03846154,706,24.2,0.035587982,1.452140472,0.02241328,0.488673676,39.969799,39.98147898,39.969711,39.968878,-75.141386,-75.14953179,-75.141599,-75.136205,Pennsylvania,Philadelphia,2061,1479,38.8,40.8,12.9,0,4.7,0,2507,43370,11434,3305,44.8,42.5,26.9,17.4,5.9,7.3,52.2,2.9,13,2.9,1631,87.6,6,6.4,0,11.7,1412,493,733,186,349,496,567,0,0,0,100,150,26,80,26,0,36,49,138,0,2,234,145,18,332,76,0,1045,267,5,67,0,28,1227,185,138,249,271,261,717,695,0,0,0,0,0,0,0,0,0,0
3166,39.972351,-75.134453,16.88888889,42101014400,0.592,0.460734463,3540,1412,21130,0.305,0.223,0.067,34.03846154,706,24.2,0.06680879,1.637385856,0.379851655,0.414035585,39.972843,39.98147898,39.968941,39.968878,-75.134003,-75.14953179,-75.134187,-75.136205,Pennsylvania,Philadelphia,2061,1479,38.8,40.8,12.9,0,4.7,0,2507,43370,11434,3305,44.8,42.5,26.9,17.4,5.9,7.3,52.2,2.9,13,2.9,1631,87.6,6,6.4,0,11.7,1412,493,733,186,349,496,567,0,0,0,100,150,26,80,26,0,36,49,138,0,2,234,145,18,332,76,0,1045,267,5,67,0,28,1227,185,138,249,271,261,717,695,0,0,0,0,0,0,0,0,0,0
3069,39.937038,-75.150383,36.8989899,42101001700,0.182,0.660149307,2813,431,65936,0.035,0.174,0.178,122.3043478,431,28.6,0.008832815,1.863839537,2.01138161,1.430832871,39.937003,39.9526408,39.952532,39.936194,-75.15029,-75.15837203,-75.162559,-75.167129,Pennsylvania,Philadelphia,1388,1425,4.2,81.8,6.4,0,3.5,0,2222,104549,11514,8437,0,77.8,7.3,13.2,1.3,0.4,37.6,5.7,11.2,10.4,1857,80.1,9.9,10,0,2.4,431,133,213,85,157,163,111,0,0,0,12,0,15,44,1,30,7,9,20,0,0,110,21,2,131,29,0,317,60,0,44,0,10,407,24,38,78,81,101,197,234,0,0,0,0,0,0,0,0,0,0
3100,39.927769,-75.151031,49.2020202,42101002702,0.128,0.542219995,3991,586,33551,0.068,0.168,0.045,133.0333333,586,25.1,0.047077539,2.83554952,2.923662714,1.507480316,39.928088,39.9526408,39.952532,39.929848,-75.150668,-75.15837203,-75.162559,-75.168501,Pennsylvania,Philadelphia,1978,2013,6,87.2,1.6,0,5.1,0,3362,62171,8918,3785,0,42.3,18.5,24.1,6.2,8.9,55.1,11.9,7,4.7,2164,85.9,8.6,5.5,0,13.9,586,178,304,104,203,230,153,0,0,0,45,30,46,19,5,0,7,5,20,0,76,1,182,1,123,26,0,342,198,1,42,0,3,543,43,56,129,125,98,285,301,0,0,0,0,0,0,0,0,0,0
3117,39.978409,-75.223991,3.949494949,42101011100,0.945,0.301164216,3264,2330,12381,0.491,0.455,0.052,83.69230769,2330,30.6,0.112461229,1.320130993,0.25541519,2.047823822,39.978715,39.99021325,39.976848,39.960005,-75.222733,-75.22564667,-75.22619,-75.224877,Pennsylvania,Philadelphia,1403,1861,1,5.5,93.2,0,0.3,0,2511,19105,4447,2540,50.9,27.6,33.1,19.3,2.4,17.6,36.9,6.6,1.9,3.9,983,79,19.3,1.6,0,24.4,2330,633,1259,438,674,762,894,0,0,0,40,27,66,675,0,281,23,14,19,0,13,301,474,28,118,251,0,981,1200,6,106,3,34,2187,143,229,484,551,433,1122,1208,0,0,0,0,0,0,0,0,0,0
3121,39.97414,-75.180222,21.80808081,42101013800,0.89,0.3443417,2271,189,17389,0.28,0.245,0.088,40.55357143,94.5,34.5,0.013907997,1.964312125,0.008482373,1.795503649,39.974077,39.95651628,39.974202,39.971468,-75.180363,-75.18180596,-75.18028,-75.159442,Pennsylvania,Philadelphia,1035,1236,7,11,77.7,0.4,0,0,1621,27418,5103,2870,25.4,30.3,29.3,26.5,6.6,7.3,51.9,8.7,2.6,3.5,782,84.4,15.2,0.4,0,13.9,189,49,106,34,56,75,58,0,0,0,6,0,11,11,1,0,0,2,0,0,0,40,74,0,34,10,0,73,94,2,15,0,5,172,17,21,31,47,41,78,111,0,0,0,0,0,0,0,0,0,0
3103,39.977139,-75.179398,9.343434343,42101013800,0.89,0.3443417,2271,189,17389,0.28,0.245,0.088,40.55357143,94.5,34.5,0.049996572,2.302305526,0.335115727,1.813650543,39.977263,39.95651628,39.974202,39.971468,-75.179962,-75.18180596,-75.18028,-75.159442,Pennsylvania,Philadelphia,1035,1236,7,11,77.7,0.4,0,0,1621,27418,5103,2870,25.4,30.3,29.3,26.5,6.6,7.3,51.9,8.7,2.6,3.5,782,84.4,15.2,0.4,0,13.9,189,49,106,34,56,75,58,0,0,0,6,0,11,11,1,0,0,2,0,0,0,40,74,0,34,10,0,73,94,2,15,0,5,172,17,21,31,47,41,78,111,0,0,0,0,0,0,0,0,0,0
3061,39.95425,-75.177612,61.28282828,42101000401,0.467,0.578279267,2836,15037,52473,0.28,0.199,0.438,78.77777778,7518.5,27.6,0.005544077,0.437369912,0.073879157,0.48725879,39.954214,39.95651628,39.95413121,39.954837,-75.177657,-75.18180596,-75.17675922,-75.183277,Pennsylvania,Philadelphia,1337,1499,6.2,53.3,12.6,0,26.9,0,2217,46228,13326,9208,85.9,77.2,3.7,13.2,1,4.9,25.8,0.5,2.9,7.1,1640,91.3,5.8,2.4,0.5,4.3,15037,3206,8542,3289,1210,1770,12057,1,0,919,275,4,137,177,94,316,2334,355,6109,614,1514,325,286,89,233,222,1033,10755,2809,52,1204,7,210,14329,708,815,2082,3069,5865,7922,7115,0,0,0,0,0,0,0,0,0,0
3156,39.953812,-75.174072,55.88888889,42101000401,0.467,0.578279267,2836,15037,52473,0.28,0.199,0.438,78.77777778,7518.5,27.6,0.069234399,0.563005605,0.209740912,0.763828489,39.9537,39.95399019,39.953479,39.952581,-75.174871,-75.16747097,-75.17165,-75.165256,Pennsylvania,Philadelphia,1337,1499,6.2,53.3,12.6,0,26.9,0,2217,46228,13326,9208,85.9,77.2,3.7,13.2,1,4.9,25.8,0.5,2.9,7.1,1640,91.3,5.8,2.4,0.5,4.3,15037,3206,8542,3289,1210,1770,12057,1,0,919,275,4,137,177,94,316,2334,355,6109,614,1514,325,286,89,233,222,1033,10755,2809,52,1204,7,210,14329,708,815,2082,3069,5865,7922,7115,0,0,0,0,0,0,0,0,0,0
3051,39.967442,-75.175072,47.88888889,42101013500,0.494,0.56861673,3658,458,35658,0.168,0.211,0.09,152.4166667,458,26.4,0.016035043,1.343625129,0.550834552,1.246471714,39.967391,39.95651628,39.97239,39.966982,-75.175248,-75.18180596,-75.175384,-75.160458,Pennsylvania,Philadelphia,1782,1876,15.2,50.6,29.1,0,4.8,0,2969,55375,15056,4843,35.9,61.3,15.9,18.9,1.6,2.3,53.3,9.2,4.8,2.6,2080,81.9,16.3,1.7,0,5.3,458,162,228,68,145,191,122,0,0,0,0,0,0,35,0,0,0,7,10,0,3,79,72,103,100,49,0,280,156,0,13,0,9,422,36,36,69,95,96,193,265,0,0,0,0,0,0,0,0,0,0
3102,39.96759,-75.17952,79.83838384,42101013601,0.231,0.705341351,2827,728,64591,0.033,0.168,0.138,134.6190476,728,29.6,0.024088543,1.246659269,0.551411824,1.453770944,39.967382,39.95651628,39.97244,39.954837,-75.179441,-75.18180596,-75.178171,-75.183277,Pennsylvania,Philadelphia,1373,1454,1.7,76.9,7.9,0,10.5,0,2381,107222,18725,8947,0,77.5,4.7,13,2.2,2.7,43.8,8,8.3,9.4,1994,85.7,7.9,6.4,0,4.2,728,185,384,159,311,266,151,0,0,0,3,0,0,4,0,0,6,11,18,0,54,133,356,5,107,31,0,412,279,6,22,0,9,609,119,93,142,183,125,223,505,0,0,0,0,0,0,0,0,0,0
3058,39.967159,-75.170013,54.8989899,42101013402,0.282,0.7752443,2763,681,52950,0.091,0.166,0.239,125.5909091,681,30.9,0.007412644,1.480246072,0.614105734,0.814527527,39.967149,39.95399019,39.972636,39.966982,-75.170099,-75.16747097,-75.169087,-75.160458,Pennsylvania,Philadelphia,1211,1552,14.6,71.8,6.8,0,4.4,0,2479,77734,12716,5414,0,73.1,7.6,14.9,3.5,1,39.3,5.5,8.7,6.1,2142,90.6,7.4,2.1,0,5,681,182,370,129,232,208,241,0,0,0,15,1,0,59,0,0,58,5,28,0,21,54,16,3,143,277,1,534,116,1,21,2,7,603,78,58,147,154,140,381,300,0,0,0,0,0,0,0,0,0,0
3167,39.950249,-75.160278,52.94949495,42101000600,0.382,0.604772558,1341,17558,40241,0.218,0.185,0.458,67.05,17558,22.2,0.012134752,0.311653564,0.319763404,0.2291608,39.950349,39.9526408,39.952532,39.952103,-75.160335,-75.15837203,-75.162559,-75.161452,Pennsylvania,Philadelphia,680,661,8.2,61.8,16,0,13.9,0,1165,67969,16562,6755,0,82.1,6.7,11.2,0,0,24.1,2.2,2.8,6.6,811,92.6,4.4,2.3,0.6,13.1,17558,4248,9677,3633,4092,3416,10050,0,0,4,8,91,223,584,32,62,312,123,1603,61,109,1827,10028,239,1672,580,0,12139,3694,37,1399,15,274,16706,852,1191,2859,3889,5371,6125,11433,0,0,0,0,0,0,0,0,0,0
3123,39.980042,-75.170883,9.868686869,42101014800,0.932,0.410354746,1043,56,14702,0.324,0.528,0.027,94.81818182,56,31.4,0.021667107,1.826217481,0.797492029,1.118182363,39.979931,39.98147898,39.972888,39.978678,-75.171092,-75.14953179,-75.17022,-75.157881,Pennsylvania,Philadelphia,568,475,0.9,6.8,90.9,0,1,0,867,21250,13928,2515,20.4,15.7,44.6,28,5.1,6.5,37.4,1.5,0,5.6,428,88.1,10.3,1.6,0,10.1,56,15,33,8,24,25,7,0,0,0,0,0,0,16,3,0,0,0,0,1,0,0,34,0,2,0,0,10,30,2,14,0,0,50,6,10,8,13,10,23,33,0,0,0,0,0,0,0,0,0,0
3073,39.96143,-75.15242,35.6969697,42101037600,0.622,0.508150248,2822,4803,25705,0.376,0.192,0.402,22.046875,2401.5,21.8,0.036567138,1.101140925,1.025427838,0.674770868,39.961425,39.9526408,39.97047,39.955384,-75.151991,-75.15837203,-75.150042,-75.153099,Pennsylvania,Philadelphia,1734,1088,13.3,37.8,23,0.5,21.8,0,2149,45833,8872,4083,38.8,50.4,11.6,18.3,5.6,14.1,15.9,10.5,6.7,7.6,1434,84.7,7.9,7.4,0,11.2,4803,1187,2646,970,1103,1625,2075,0,0,0,124,142,178,161,37,43,44,137,676,314,413,347,1445,204,255,283,0,2645,1550,20,498,1,89,4485,318,457,928,1114,1117,2413,2390,0,0,0,0,0,0,0,0,0,0
3154,39.95924,-75.158211,45.11111111,42101037600,0.622,0.508150248,2822,4803,25705,0.376,0.192,0.402,22.046875,2401.5,21.8,0.013129628,0.733925912,0.832890582,0.448815043,39.959243,39.9526408,39.952532,39.957011,-75.158365,-75.15837203,-75.162559,-75.162601,Pennsylvania,Philadelphia,1734,1088,13.3,37.8,23,0.5,21.8,0,2149,45833,8872,4083,38.8,50.4,11.6,18.3,5.6,14.1,15.9,10.5,6.7,7.6,1434,84.7,7.9,7.4,0,11.2,4803,1187,2646,970,1103,1625,2075,0,0,0,124,142,178,161,37,43,44,137,676,314,413,347,1445,204,255,283,0,2645,1550,20,498,1,89,4485,318,457,928,1114,1117,2413,2390,0,0,0,0,0,0,0,0,0,0
3098,39.934311,-75.160423,36.70707071,42101002300,0.375,0.60695282,2819,333,32853,0.077,0.323,0.136,64.06818182,166.5,26.3,0.137327601,2.045666688,2.034249294,0.608892101,39.934726,39.9526408,39.952532,39.936194,-75.16194,-75.15837203,-75.162559,-75.167129,Pennsylvania,Philadelphia,1191,1628,11.5,62.5,3.5,0,16.9,0,2217,50335,8449,4706,6.1,58.6,13.9,15.9,7,4.6,30.6,9.5,10.6,3.4,1711,77.5,13.3,9.2,0,9.1,333,73,189,71,107,92,134,0,0,0,19,0,7,20,0,1,7,3,23,0,0,104,39,2,83,25,0,247,54,4,24,0,4,310,23,29,68,67,96,144,189,0,0,0,0,0,0,0,0,0,0
3068,39.93549,-75.167107,50.85858586,42101002300,0.375,0.60695282,2819,333,32853,0.077,0.323,0.136,64.06818182,166.5,26.3,0.013463685,2.047309034,1.894950932,0.078303689,39.935602,39.9526408,39.952484,39.936194,-75.167167,-75.15837203,-75.165445,-75.167129,Pennsylvania,Philadelphia,1191,1628,11.5,62.5,3.5,0,16.9,0,2217,50335,8449,4706,6.1,58.6,13.9,15.9,7,4.6,30.6,9.5,10.6,3.4,1711,77.5,13.3,9.2,0,9.1,333,73,189,71,107,92,134,0,0,0,19,0,7,20,0,1,7,3,23,0,0,104,39,2,83,25,0,247,54,4,24,0,4,310,23,29,68,67,96,144,189,0,0,0,0,0,0,0,0,0,0
3027,39.95694,-75.200691,16.80808081,42101008802,0.43,0.24923703,6881,2437,6258,0.744,0.168,0.609,107.515625,609.25,17.6,0.101025029,1.3364312,0.118780868,0.11046352,39.956898,39.94819754,39.957259,39.957156,-75.199507,-75.18993212,-75.202021,-75.201956,Pennsylvania,Philadelphia,3435,3446,6.1,57,10.1,0,23.4,0,5754,11652,5646,1374,0,65,12.9,18.9,0.7,2.5,8.5,0.2,5.2,8.4,1715,91.2,6.5,2.3,0,5.8,2437,936,1111,390,886,823,728,0,0,0,0,12,0,199,0,96,40,181,11,0,53,28,813,0,892,112,0,1206,1006,6,176,2,41,2286,151,208,405,472,416,1136,1301,0,0,0,0,0,0,0,0,0,0
3006,39.952202,-75.20311,29.58585859,42101008802,0.43,0.24923703,6881,2437,6258,0.744,0.168,0.609,107.515625,609.25,17.6,0.046890938,1.208347402,0.274828612,0.559572783,39.951799,39.94819754,39.949759,39.957156,-75.202948,-75.18993212,-75.203599,-75.201956,Pennsylvania,Philadelphia,3435,3446,6.1,57,10.1,0,23.4,0,5754,11652,5646,1374,0,65,12.9,18.9,0.7,2.5,8.5,0.2,5.2,8.4,1715,91.2,6.5,2.3,0,5.8,2437,936,1111,390,886,823,728,0,0,0,0,12,0,199,0,96,40,181,11,0,53,28,813,0,892,112,0,1206,1006,6,176,2,41,2286,151,208,405,472,416,1136,1301,0,0,0,0,0,0,0,0,0,0
3159,39.95121,-75.199623,25.63636364,42101008802,0.43,0.24923703,6881,2437,6258,0.744,0.168,0.609,107.515625,609.25,17.6,0.018460442,0.891410216,0.198323595,0.690423083,39.951222,39.94819754,39.951048,39.957156,-75.199407,-75.18993212,-75.197306,-75.201956,Pennsylvania,Philadelphia,3435,3446,6.1,57,10.1,0,23.4,0,5754,11652,5646,1374,0,65,12.9,18.9,0.7,2.5,8.5,0.2,5.2,8.4,1715,91.2,6.5,2.3,0,5.8,2437,936,1111,390,886,823,728,0,0,0,0,12,0,199,0,96,40,181,11,0,53,28,813,0,892,112,0,1206,1006,6,176,2,41,2286,151,208,405,472,416,1136,1301,0,0,0,0,0,0,0,0,0,0
3152,39.949928,-75.202858,10.85858586,42101008802,0.43,0.24923703,6881,2437,6258,0.744,0.168,0.609,107.515625,609.25,17.6,0.093163274,1.118525695,0.065900982,0.807386017,39.949727,39.94819754,39.949759,39.957156,-75.201797,-75.18993212,-75.203599,-75.201956,Pennsylvania,Philadelphia,3435,3446,6.1,57,10.1,0,23.4,0,5754,11652,5646,1374,0,65,12.9,18.9,0.7,2.5,8.5,0.2,5.2,8.4,1715,91.2,6.5,2.3,0,5.8,2437,936,1111,390,886,823,728,0,0,0,0,12,0,199,0,96,40,181,11,0,53,28,813,0,892,112,0,1206,1006,6,176,2,41,2286,151,208,405,472,416,1136,1301,0,0,0,0,0,0,0,0,0,0
3043,39.93082,-75.174744,29.83838384,42101003001,0.742,0.541213768,4416,212,21574,0.243,0.348,0.053,100.3636364,106,30.7,0.060909782,2.326039147,2.509743191,0.543183984,39.931361,39.94819754,39.953268,39.929848,-75.174632,-75.18993212,-75.171679,-75.168501,Pennsylvania,Philadelphia,2361,2055,13.4,25.8,19.2,0,39.4,0,2688,40547,7418,3811,46.1,23.7,34.3,23.7,7.3,11.1,23.2,10.7,24.8,1.3,2390,87.9,6.7,5.4,0,7.1,212,59,104,49,67,94,51,0,0,0,0,12,0,9,1,0,5,4,19,24,0,44,54,0,35,5,0,112,34,0,62,0,4,201,11,30,43,32,48,87,125,0,0,0,0,0,0,0,0,0,0
3150,39.928841,-75.170212,15.74747475,42101003001,0.742,0.541213768,4416,212,21574,0.243,0.348,0.053,100.3636364,106,30.7,0.068264387,2.731171258,2.660208845,0.183910602,39.929433,39.94819754,39.952484,39.929848,-75.170424,-75.18993212,-75.165445,-75.168501,Pennsylvania,Philadelphia,2361,2055,13.4,25.8,19.2,0,39.4,0,2688,40547,7418,3811,46.1,23.7,34.3,23.7,7.3,11.1,23.2,10.7,24.8,1.3,2390,87.9,6.7,5.4,0,7.1,212,59,104,49,67,94,51,0,0,0,0,12,0,9,1,0,5,4,19,24,0,44,54,0,35,5,0,112,34,0,62,0,4,201,11,30,43,32,48,87,125,0,0,0,0,0,0,0,0,0,0
3065,39.970699,-75.151711,9,42101014100,0.856,0.34277752,2153,1484,19505,0.337,0.348,0.131,71.76666667,1484,26.8,0.159001609,1.212976739,0.144488516,0.664333419,39.970568,39.98147898,39.97047,39.971468,-75.149853,-75.14953179,-75.150042,-75.159442,Pennsylvania,Philadelphia,934,1219,8.5,14.4,57.2,0,5.9,0,1566,14951,5598,5047,37.1,39.7,36.7,19.6,2,1.9,31.9,2,14.8,3.4,738,89,11,0,0,21.3,1484,346,764,374,405,617,462,5,0,0,17,0,11,84,36,1,0,39,0,0,11,113,987,0,145,35,0,496,868,9,71,4,36,1299,185,192,294,368,284,578,906,0,0,0,0,0,0,0,0,0,0
3112,39.953732,-75.218246,21.13131313,42101008601,0.491,0.557457213,2863,336,28103,0.204,0.321,0.267,204.5,336,29.3,0.003365571,1.136106576,0.569073563,0.655528575,39.953718,39.94360933,39.948705,39.958652,-75.218211,-75.21643675,-75.216994,-75.214009,Pennsylvania,Philadelphia,1318,1545,2.5,50.9,32.4,0,10.9,0,2197,38125,13624,2784,32.5,66,13,15.4,1.5,4.1,25.7,3.2,7.8,4.5,1596,86.8,7.9,5.3,0,12.2,336,64,198,74,80,135,121,0,0,0,7,3,6,62,0,5,0,8,27,0,0,87,90,6,25,10,0,171,136,2,24,0,3,325,11,32,67,84,89,133,203,0,0,0,0,0,0,0,0,0,0
3118,39.95866,-75.213226,16.82828283,42101009200,0.854,0.351726173,3389,306,12870,0.49,0.427,0.124,211.8125,306,30.6,0.053260593,1.69578951,0.965432851,0.066742432,39.958753,39.94360933,39.957958,39.958652,-75.213839,-75.21643675,-75.201936,-75.214009,Pennsylvania,Philadelphia,1700,1689,2.2,14.6,69.8,0,11.6,0,2237,20524,9258,2307,56,35.4,33.2,23.2,0.8,7.5,26.9,6.8,8,3.2,1192,85.7,11.4,2.9,0,7.4,306,77,167,62,69,139,98,0,0,0,0,1,0,56,0,0,3,0,11,0,26,77,114,0,15,3,0,114,150,0,31,0,11,278,28,32,55,71,71,95,211,0,0,0,0,0,0,0,0,0,0
3034,39.933151,-75.162483,42.06060606,42101002900,0.33,0.546878447,4533,1290,32769,0.109,0.303,0.075,113.325,1290,31.1,0.032588695,2.195322029,2.155078613,0.520967686,39.93337,39.9526408,39.952532,39.936194,-75.162229,-75.15837203,-75.162559,-75.167129,Pennsylvania,Philadelphia,2414,2119,13.7,67,0.4,0,16.5,0,3516,50921,8769,3918,19.4,51.6,18.3,18.3,2.8,9,31.8,10.2,15.9,4.3,2479,76.4,14.1,9.5,0,6.2,1290,411,618,261,514,477,299,0,0,5,25,25,3,255,0,2,44,4,49,33,158,0,366,15,256,50,0,914,267,3,79,1,26,1208,82,148,264,240,227,596,694,0,0,0,0,0,0,0,0,0,0
3101,39.942951,-75.159554,75.81818182,42101001102,0.212,0.637358343,2559,3823,49264,0.207,0.278,0.348,111.2608696,3823,26.3,0.051290497,1.082157468,1.095722657,0.514272369,39.942888,39.9526408,39.952532,39.944086,-75.16015,-75.15837203,-75.162559,-75.165402,Pennsylvania,Philadelphia,1323,1236,2.7,78.8,8.4,0,8.2,0,2226,53621,11876,7797,17.4,69.8,5.5,20.4,0.8,3.6,23.8,3.5,3.3,6.8,1631,78.8,11.2,9.1,0.8,3.8,3823,766,2260,797,382,791,2650,0,0,0,18,2,8,300,0,4,1,5,24,0,58,1,3325,0,37,40,0,2249,1238,3,279,3,51,3651,172,261,589,1005,1202,1112,2711,0,0,0,0,0,0,0,0,0,0
3153,39.97216,-75.129936,9.373737374,42101015800,0.071,0.522149234,5937,738,31368,0.202,0.3,0.062,134.9318182,738,33.7,0.185097755,1.965144631,0.188580795,0.6469771,39.970983,39.98147898,39.970792,39.968878,-75.1284,-75.14953179,-75.128628,-75.136205,Pennsylvania,Philadelphia,2990,2947,1.7,92.9,1.9,0,2.6,0,5114,55458,8579,3958,45.4,52.2,17.7,21.2,4.4,4.5,48.2,3.8,7.3,4.5,3100,84.9,9.7,5.4,0,11.6,738,231,393,114,225,285,228,0,0,0,14,22,0,16,0,5,14,30,39,20,9,131,54,8,253,123,0,590,121,0,17,0,10,701,37,79,158,148,122,343,395,0,0,0,0,0,0,0,0,0,0
3165,39.958191,-75.1782,31.41414141,42101000300,0.278,0.622320117,3405,22382,62361,0.097,0.149,0.489,39.59302326,11191,22.8,0.102429459,0.359361979,0.46783362,0.571270527,39.957863,39.95651628,39.95413121,39.954837,-75.177077,-75.18180596,-75.17675922,-75.183277,Pennsylvania,Philadelphia,1711,1694,8.8,72.2,5.3,0,12,0,2888,81950,17284,8184,0,74.9,10.9,11.4,1.7,1,25.3,2.4,3.6,5,2119,91.3,6.6,1.8,0.4,6.5,22382,4392,12916,5074,2802,4366,15214,0,0,0,103,21,61,618,42,146,2060,244,2858,195,582,1487,4664,591,2017,1570,5123,13892,6707,55,1392,8,328,21160,1222,1676,3999,5341,6974,10352,12030,0,0,0,0,0,0,0,0,0,0
3014,39.958858,-75.173691,9.505050505,42101000300,0.278,0.622320117,3405,22382,62361,0.097,0.149,0.489,39.59302326,11191,22.8,0.028801821,0.739052521,0.587062135,0.93139059,39.958892,39.95651628,39.95413121,39.954837,-75.174026,-75.18180596,-75.17675922,-75.183277,Pennsylvania,Philadelphia,1711,1694,8.8,72.2,5.3,0,12,0,2888,81950,17284,8184,0,74.9,10.9,11.4,1.7,1,25.3,2.4,3.6,5,2119,91.3,6.6,1.8,0.4,6.5,22382,4392,12916,5074,2802,4366,15214,0,0,0,103,21,61,618,42,146,2060,244,2858,195,582,1487,4664,591,2017,1570,5123,13892,6707,55,1392,8,328,21160,1222,1676,3999,5341,6974,10352,12030,0,0,0,0,0,0,0,0,0,0
3050,39.953388,-75.154259,41.64646465,42101000200,0.611,0.580866581,2331,16489,41597,0.261,0.188,0.448,32.375,8244.5,30.6,0.0210755,0.360300399,0.713857045,0.242973044,39.953353,39.9526408,39.952532,39.955384,-75.154502,-75.15837203,-75.162559,-75.153099,Pennsylvania,Philadelphia,1246,1085,1.5,38.9,6,0.5,50.8,0,1780,59891,18665,13237,24,64.3,16.8,10.2,0.9,7.9,29.5,3.6,2.3,1.1,1354,94.2,2.6,3.2,0,9.3,16489,2650,9988,3851,2874,4336,9279,0,0,0,507,171,68,109,45,768,352,55,286,65,226,86,2921,198,1050,117,9465,6969,7243,62,1961,15,239,15477,1012,1917,3564,4405,3953,8627,7862,0,0,0,0,0,0,0,0,0,0
3037,39.954239,-75.161377,39.16161616,42101000200,0.611,0.580866581,2331,16489,41597,0.261,0.188,0.448,32.375,8244.5,30.6,0.043387632,0.311750574,0.214892183,0.237598391,39.95417,39.9526408,39.952532,39.952103,-75.160876,-75.15837203,-75.162559,-75.161452,Pennsylvania,Philadelphia,1246,1085,1.5,38.9,6,0.5,50.8,0,1780,59891,18665,13237,24,64.3,16.8,10.2,0.9,7.9,29.5,3.6,2.3,1.1,1354,94.2,2.6,3.2,0,9.3,16489,2650,9988,3851,2874,4336,9279,0,0,0,507,171,68,109,45,768,352,55,286,65,226,86,2921,198,1050,117,9465,6969,7243,62,1961,15,239,15477,1012,1917,3564,4405,3953,8627,7862,0,0,0,0,0,0,0,0,0,0
3074,39.955109,-75.209869,28.61616162,42101008701,0.533,0.504490732,5233,526,20130,0.368,0.353,0.253,327.0625,526,28.4,0.009556548,1.395896336,0.61087519,0.528889175,39.955081,39.94360933,39.949644,39.958652,-75.209975,-75.21643675,-75.209137,-75.214009,Pennsylvania,Philadelphia,2719,2514,12.4,46.7,14.5,0.4,17.7,0,3467,35786,7327,3241,21.3,52.5,17.1,15.6,5.8,9,22.6,1.1,14.3,1.4,2640,87.7,9.8,2.4,0,5.4,526,195,258,73,204,222,100,0,0,0,4,0,0,193,0,0,0,68,8,0,0,0,10,6,200,37,0,330,115,2,66,2,11,466,60,58,92,97,84,305,221,0,0,0,0,0,0,0,0,0,0
3106,39.991791,-75.186371,7.95959596,42101980000,0.416,0.286057692,1248,4296,8432,0.039,0.185,0.384,11.14285714,1074,23.6,0.010528553,2.232471443,1.850172197,2.637103088,39.991859,40.00385904,39.975199,39.987067,-75.186457,-75.16542599,-75.188002,-75.156037,Pennsylvania,Philadelphia,568,680,6.2,58.4,11.6,0,14.4,0,1047,70268,17806,2895,0,47.6,15.1,31.7,0,5.6,22.7,3.1,11.5,5.9,357,96.9,3.1,0,0,7.8,4296,1190,2382,724,621,721,2954,0,0,0,27,9,0,68,10,3,720,193,1206,253,1,121,351,932,318,84,0,2995,936,11,283,2,69,4116,180,252,588,801,1465,2093,2203,0,0,0,0,0,0,0,0,0,0
3113,39.97472,-75.197807,6.101010101,42101980000,0.416,0.286057692,1248,4296,8432,0.039,0.185,0.384,11.14285714,1074,23.6,0.552492144,2.440654433,0.092501137,1.984777675,39.973953,39.95651628,39.974841,39.957156,-75.204213,-75.18180596,-75.196733,-75.201956,Pennsylvania,Philadelphia,568,680,6.2,58.4,11.6,0,14.4,0,1047,70268,17806,2895,0,47.6,15.1,31.7,0,5.6,22.7,3.1,11.5,5.9,357,96.9,3.1,0,0,7.8,4296,1190,2382,724,621,721,2954,0,0,0,27,9,0,68,10,3,720,193,1206,253,1,121,351,932,318,84,0,2995,936,11,283,2,69,4116,180,252,588,801,1465,2093,2203,0,0,0,0,0,0,0,0,0,0
3111,39.977791,-75.213226,9.191919192,42101980000,0.416,0.286057692,1248,4296,8432,0.039,0.185,0.384,11.14285714,1074,23.6,0.030188419,1.740070399,0.506969423,2.129205539,39.97778,39.99021325,39.973315,39.958652,-75.21358,-75.22564667,-75.212094,-75.214009,Pennsylvania,Philadelphia,568,680,6.2,58.4,11.6,0,14.4,0,1047,70268,17806,2895,0,47.6,15.1,31.7,0,5.6,22.7,3.1,11.5,5.9,357,96.9,3.1,0,0,7.8,4296,1190,2382,724,621,721,2954,0,0,0,27,9,0,68,10,3,720,193,1206,253,1,121,351,932,318,84,0,2995,936,11,283,2,69,4116,180,252,588,801,1465,2093,2203,0,0,0,0,0,0,0,0,0,0
3107,39.982029,-75.18866,11.78787879,42101980000,0.416,0.286057692,1248,4296,8432,0.039,0.185,0.384,11.14285714,1074,23.6,0.047339521,2.89639078,0.761528039,2.648856007,39.982394,39.95651628,39.975199,39.978678,-75.188946,-75.18180596,-75.188002,-75.157881,Pennsylvania,Philadelphia,568,680,6.2,58.4,11.6,0,14.4,0,1047,70268,17806,2895,0,47.6,15.1,31.7,0,5.6,22.7,3.1,11.5,5.9,357,96.9,3.1,0,0,7.8,4296,1190,2382,724,621,721,2954,0,0,0,27,9,0,68,10,3,720,193,1206,253,1,121,351,932,318,84,0,2995,936,11,283,2,69,4116,180,252,588,801,1465,2093,2203,0,0,0,0,0,0,0,0,0,0
3039,39.97121,-75.159698,25.22222222,42101014000,0.765,0.416666667,2940,590,15986,0.423,0.502,0.182,49,295,25.9,0.032037971,1.433264689,0.025809765,0.03604053,39.971285,39.98147898,39.971428,39.971468,-75.159335,-75.14953179,-75.159594,-75.159442,Pennsylvania,Philadelphia,1496,1444,2.2,23.5,66.3,0,5.5,0,2198,23026,8135,2922,25.8,37.7,25.1,26.8,2.9,7.5,16.8,3.1,8.7,3,1225,78.8,19.3,2,0,13.5,590,202,250,138,264,211,115,0,0,0,9,0,0,70,0,0,0,2,42,0,13,71,137,1,79,166,0,238,305,5,30,0,12,540,50,57,117,121,93,247,343,0,0,0,0,0,0,0,0,0,0
3077,39.972069,-75.163513,13.15151515,42101014000,0.765,0.416666667,2940,590,15986,0.423,0.502,0.182,49,295,25.9,0.072102981,1.585589519,0.054617758,0.353290314,39.972153,39.98147898,39.972116,39.971468,-75.164352,-75.14953179,-75.164151,-75.159442,Pennsylvania,Philadelphia,1496,1444,2.2,23.5,66.3,0,5.5,0,2198,23026,8135,2922,25.8,37.7,25.1,26.8,2.9,7.5,16.8,3.1,8.7,3,1225,78.8,19.3,2,0,13.5,590,202,250,138,264,211,115,0,0,0,9,0,0,70,0,0,0,2,42,0,13,71,137,1,79,166,0,238,305,5,30,0,12,540,50,57,117,121,93,247,343,0,0,0,0,0,0,0,0,0,0
3115,39.97263,-75.167572,18.47474747,42101013900,0.902,0.271437384,3242,693,12592,0.526,0.419,0.115,180.1111111,693,33.6,0.010375284,1.82513595,0.022736786,0.704744718,39.972543,39.98147898,39.972427,39.971468,-75.167528,-75.14953179,-75.16754,-75.159442,Pennsylvania,Philadelphia,1524,1718,4.8,9.8,84.5,0,0.3,0,2267,14975,2882,3183,74.2,28.1,28.9,29,1.8,12.3,24.2,9.5,7.8,5.1,880,91.1,6.9,1.9,0,16,693,113,372,208,78,335,280,0,0,0,8,0,0,9,1,1,0,4,0,0,0,197,467,0,4,2,0,170,483,1,29,0,10,667,26,56,158,207,159,192,501,0,0,0,0,0,0,0,0,0,0
3011,39.959492,-75.196899,18.22222222,42101009100,0.706,0.356245639,2866,4204,17685,0.533,0.467,0.253,143.3,4204,36,0.212658048,1.328291998,0.085861768,0.50323796,39.960906,39.95651628,39.960257,39.957156,-75.195219,-75.18180596,-75.197036,-75.201956,Pennsylvania,Philadelphia,1560,1306,2,29.4,44.8,1.1,20.7,0,2161,20084,7123,3683,77.2,52.5,24.6,19.6,1,2.4,9.9,1,10.2,7,1021,85.8,3.9,10.3,0,7.6,4204,896,2571,737,583,939,2682,0,0,136,0,1,68,25,64,6,6,26,466,9,106,47,2934,2,267,41,0,2182,1563,6,376,6,71,4047,157,318,712,1052,1226,1352,2852,0,0,0,0,0,0,0,0,0,0
3072,39.934448,-75.145409,32.26262626,42101002500,0.454,0.517404276,4022,422,35721,0.154,0.179,0.101,55.86111111,211,28.1,0.10019713,2.305119392,2.486182424,1.72274133,39.93361,39.9526408,39.952532,39.949889,-75.145841,-75.15837203,-75.162559,-75.143755,Pennsylvania,Philadelphia,1753,2269,5.7,54.6,29.4,0,4.6,0,3165,52786,16894,5039,18.2,52.2,16.6,17.7,8.2,5.3,54,8.1,7.1,2.7,2081,79.4,9.6,11,0,13.9,422,98,237,87,96,177,149,0,0,0,14,1,20,65,0,4,0,25,75,0,4,58,90,4,29,33,0,218,111,3,85,1,4,399,23,42,98,98,86,168,254,0,0,0,0,0,0,0,0,0,0
3099,39.93401,-75.15094,28.62626263,42101002500,0.454,0.517404276,4022,422,35721,0.154,0.179,0.101,55.86111111,211,28.1,0.024376827,2.166372188,2.285368276,1.401493665,39.934229,39.9526408,39.952532,39.936194,-75.150927,-75.15837203,-75.162559,-75.167129,Pennsylvania,Philadelphia,1753,2269,5.7,54.6,29.4,0,4.6,0,3165,52786,16894,5039,18.2,52.2,16.6,17.7,8.2,5.3,54,8.1,7.1,2.7,2081,79.4,9.6,11,0,13.9,422,98,237,87,96,177,149,0,0,0,14,1,20,65,0,4,0,25,75,0,4,58,90,4,29,33,0,218,111,3,85,1,4,399,23,42,98,98,86,168,254,0,0,0,0,0,0,0,0,0,0
3095,39.987709,-75.180519,3.585858586,42101015102,0.993,0.259025271,3324,329,13191,0.482,0.452,0.132,97.76470588,329,34.6,0.002446599,2.208607277,1.480482676,2.086989423,39.987724,40.00385904,39.974574,39.987067,-75.18054,-75.16542599,-75.183361,-75.156037,Pennsylvania,Philadelphia,1249,2075,5.9,0.7,89.6,0.6,2.8,0,2515,13966,5346,3065,72.7,24.6,45.8,20.9,0,8.7,36.8,3,0,1.8,861,73.5,17.3,9.2,0,31.9,329,72,180,77,70,123,136,0,0,0,0,6,0,25,0,0,0,5,0,0,2,163,109,0,8,11,0,117,200,0,9,1,2,311,18,33,75,76,73,128,201,0,0,0,0,0,0,0,0,0,0
3120,39.97522,-75.186691,30.63636364,42101013700,0.768,0.431626568,4863,421,23084,0.303,0.363,0.071,138.9428571,421,28.5,0.100641501,2.121017749,0.026398425,2.192544056,39.974967,39.95651628,39.975009,39.955844,-75.187825,-75.18180596,-75.186549,-75.191462,Pennsylvania,Philadelphia,2041,2822,3,23.2,69,0,1,1.9,3866,35033,4377,4669,42.3,38.5,22.1,23.7,6.5,9.3,33.5,14.1,4.6,4.4,2099,78.1,16.5,5.3,0,11.9,421,136,212,73,112,169,140,0,0,0,6,13,5,24,0,0,5,71,27,54,0,41,58,6,95,16,0,214,174,1,23,0,9,396,25,41,78,78,88,190,231,0,0,0,0,0,0,0,0,0,0
3067,39.964111,-75.19973,5.545454545,42101010800,0.919,0.23894923,3959,215,9539,0.597,0.383,0.173,146.6296296,215,40.7,0.09679512,1.745542828,0.214369284,0.796291825,39.963252,39.95651628,39.962853,39.957156,-75.199546,-75.18180596,-75.201636,-75.201956,Pennsylvania,Philadelphia,2001,1958,0.4,8.1,88.8,0,0,0,2886,14328,4217,1645,79.7,29.5,35.7,22.4,1.9,10.5,27.7,4.2,11,1.5,946,86.4,13.6,0,0,16.9,215,49,120,46,37,125,53,0,0,0,15,11,0,17,0,0,0,7,41,0,8,12,103,0,1,0,0,106,88,2,14,0,5,200,15,26,42,60,38,83,132,0,0,0,0,0,0,0,0,0,0
3024,39.948219,-75.209084,22.56565657,42101007700,0.52,0.40889106,2047,1422,15525,0.491,0.341,0.339,170.5833333,1422,25.1,0.168071884,0.809700194,0.012204017,1.164773435,39.948594,39.94360933,39.948319,39.957156,-75.207174,-75.21643675,-75.209143,-75.201956,Pennsylvania,Philadelphia,1040,1007,2.5,48,23.9,0,21.3,0.3,1734,25021,3387,5227,25.3,53.4,19.2,17.1,0,10.3,19.4,4.2,4.6,3.7,837,94,4.9,1.1,0,11.2,1422,543,592,287,638,337,447,0,0,0,0,0,0,5,0,3,0,20,5,0,1,1160,52,0,147,29,0,782,336,0,272,0,32,1373,49,81,175,228,395,560,862,0,0,0,0,0,0,0,0,0,0
3093,39.988369,-75.187012,5.686868687,42101015101,0.975,0.295889101,2092,157,12960,0.503,0.628,0.038,116.2222222,157,38,0.026019648,2.519507635,1.466864462,2.64290125,39.988603,40.00385904,39.975199,39.987067,-75.187011,-75.16542599,-75.188002,-75.156037,Pennsylvania,Philadelphia,1002,1090,6.8,2.5,90.4,0,0,0,1575,27375,13847,3166,57.9,28.3,32,25.2,1.3,13.2,23.4,3.6,6.4,0,619,76.1,17.6,6.3,0,17.2,157,39,82,36,43,95,19,0,0,0,9,0,0,0,0,0,0,3,0,0,0,0,138,0,0,7,0,21,133,1,2,0,0,151,6,19,32,45,22,58,99,0,0,0,0,0,0,0,0,0,0
3016,39.968922,-75.154701,6.353535354,42101013200,0.9,0.268158348,2905,898,14936,0.333,0.294,0.069,111.7307692,898,29.3,0.020262431,1.464101978,0.207976616,0.493331203,39.968838,39.98147898,39.970756,39.971468,-75.15449,-75.14953179,-75.154222,-75.159442,Pennsylvania,Philadelphia,1242,1663,6.5,10,80.1,0.2,3.1,0,2233,17778,4123,1786,21.4,29.3,44.3,16.6,1.2,8.7,32.5,17.3,10.3,3.7,779,81.8,17.5,0.8,0,26.9,898,219,521,158,299,355,244,0,0,0,5,0,0,38,0,0,23,70,34,0,0,27,350,0,294,57,0,308,538,4,39,2,7,832,66,109,205,209,156,372,526,0,0,0,0,0,0,0,0,0,0
3164,39.928139,-75.165154,22.27272727,42101002802,0.34,0.543684301,5803,719,28097,0.063,0.337,0.115,138.1666667,719,31,0.051245703,2.785152941,2.707154171,0.342873551,39.927691,39.9526408,39.952484,39.929848,-75.165295,-75.15837203,-75.165445,-75.168501,Pennsylvania,Philadelphia,2875,2928,7,66,0.6,0,25.3,0.1,4316,53977,8380,3357,0.7,39.8,25,24,2.7,8.4,37.4,8,7.3,2,3155,86.5,7.7,5.8,0,5.5,719,163,407,149,278,262,179,0,0,0,18,25,17,93,0,3,2,0,15,0,55,146,40,14,201,90,0,531,98,3,75,0,12,681,38,76,142,171,167,344,375,0,0,0,0,0,0,0,0,0,0
3017,39.98003,-75.143707,5.141414141,42101015600,0.904,0.283987915,1986,650,11484,0.506,0.397,0.076,79.44,650,33.4,0.022346876,0.521795005,1.095809892,0.884281142,39.979881,39.98147898,39.970218,39.978634,-75.143531,-75.14953179,-75.144905,-75.13349,Pennsylvania,Philadelphia,975,1011,67.2,9.6,15.9,0,1.8,0,1433,19375,6026,1939,68.7,29.6,34.8,14.5,7.1,14,40.8,8,3.9,0,564,90.6,8.7,0.7,0,17.8,650,180,350,120,127,291,232,0,0,0,0,131,114,306,6,0,8,0,7,0,2,0,75,0,0,1,0,397,132,5,93,0,23,515,135,88,122,133,127,364,286,0,0,0,0,0,0,0,0,0,0
3096,39.991192,-75.179749,5.01010101,42101016901,0.984,0.270958512,3495,351,13609,0.361,0.248,0.032,97.08333333,351,37.4,0.021445669,1.863464997,1.87328898,2.071534226,39.991088,40.00385904,39.974574,39.987067,-75.179961,-75.16542599,-75.183361,-75.156037,Pennsylvania,Philadelphia,1498,1997,0.1,1.6,95.3,0,0.3,0,2480,28125,5802,2604,43.9,28.8,31.2,17.7,9.8,12.5,59.2,11.9,0.9,0,947,83.3,11.2,5.5,0,29.9,351,113,166,72,157,123,71,0,0,0,0,4,0,105,0,0,0,0,0,0,0,56,133,0,44,9,0,97,224,2,19,1,8,313,38,58,60,68,52,121,230,0,0,0,0,0,0,0,0,0,0
3160,39.956619,-75.198624,19.58585859,42101008801,0.423,0.223284101,2302,1068,4751,0.628,0.066,0.718,209.2727273,1068,16.3,0.028253358,1.194073139,0.298157131,0.29020911,39.956762,39.94819754,39.957259,39.957156,-75.19835,-75.18993212,-75.202021,-75.201956,Pennsylvania,Philadelphia,1034,1268,8,57.7,9.6,0,20.2,1.5,2072,11196,5584,2670,,52.5,15.2,22.8,0,9.5,7,1.2,1.9,11.5,514,100,0,0,0,8.1,1068,241,626,201,204,206,658,0,0,0,0,6,0,28,0,12,58,37,1,0,2,479,83,0,297,65,0,707,239,0,103,3,16,1022,46,91,130,221,385,448,620,0,0,0,0,0,0,0,0,0,0
3122,39.980621,-75.1735,2.171717172,42101014900,0.979,0.326833527,3436,229,15627,0.351,0.542,0.091,101.0588235,229,34.8,0.046386475,2.044411953,0.863007816,1.348250138,39.980812,39.98147898,39.973976,39.978678,-75.173984,-75.14953179,-75.178733,-75.157881,Pennsylvania,Philadelphia,1737,1699,7.3,2.1,86.5,0,3.5,0,2848,22375,10446,2668,34.5,16.1,31.6,36.7,3.1,12.5,27.4,6.5,1.5,1.4,1123,81.2,13.6,2.8,2.3,20.7,229,44,133,52,82,120,27,0,0,0,0,0,2,31,0,0,0,4,0,0,0,0,178,0,10,4,0,43,164,0,19,0,3,207,22,49,56,43,37,79,150,0,0,0,0,0,0,0,0,0,0
